10만원창업프로젝트,,,,NNG,*,F,10만원창업프로젝트,Compound,*,*,10/SN/*+만/NR/*+원/NNBC/*+창업/NNG/*+프로젝트/NNG*
1인미디어와융합콘텐츠,,,,NNG,*,F,1인미디어와융합콘텐츠,Compound,*,*,1/SN/*+인/NNG/*+미디어/NNG/*+와/JC/*+융합/NNG/*+콘텐츠/NNG/*
21세기기업의인재상,,,,NNG,*,T,21세기기업의인재상,Compound,*,*,21/SN/*+세기/NNG/*+기업/NNG/*+의/JKG/*+인재/NNG/*+상/XSN/*
2D실습,,,,NNG,*,T,2D실습,Compound,*,*,2D/NNP/*+실습/NNG/*
3D디자인,,,,NNG,*,T,3D디자인,Compound,*,*,3D/NNP/*+디자인/NNG/*
3D디지털스튜디오,,,,NNG,*,F,3D디지털스튜디오,Compound,*,*,3D/NNP/*+디지털/NNG/*+스튜디오/NNP/*
3D응용디자인,,,,NNG,*,T,3D응용디자인,Compound,*,*,3D/NNP/*+응용/NNG/*+디자인/NNG/*
4차산업혁명,,,,NNG,*,T,4차산업혁명,Compound,*,*,4/SN/*+차/NNBC/*+산업/NNG/*+혁명/NNG/*
4차산업혁명:융합적분석과인문학의대안,,,,NNG,*,T,4차산업혁명:융합적분석과인문학의대안,Compound,*,*,4/SN/*+차/NNBC/*+산업/NNG/*+혁명/NNG/*+:/SC/*+융합/NNG/*+적/XSN/*+분석/NNG/*+과/JC/*+인문학/NNG/*+의/JKG/*+대안/NNG/*
4차산업혁명과고전읽기,,,,NNG,*,F,4차산업혁명과고전읽기,Compound,*,*,4/SN/*+차/NNBC/*+산업/NNG/*+혁명/NNG/*+과/JC/*+고전/NNG/*+읽/VV/*+기/ETN/*
4차산업혁명과미래직업,,,,NNG,*,T,4차산업혁명과미래직업,Compound,*,*,4/SN/*+차/NNBC/*+산업/NNG/*+혁명/NNG/*+과/JC/*+미래/NNG/*+직업/NNG/*
4차산업혁명에서의윤리,,,,NNG,*,F,4차산업혁명에서의윤리,Compound,*,*,4/SN/*+차/NNBC/*+산업/NNG/*+혁명/NNG/*+에서/JKB/*+의/JKG/*+윤리/NNG/*
4차산업혁명의이해,,,,NNG,*,F,4차산업혁명의이해,Compound,*,*,4/SN/*+차/NNBC/*+산업/NNG/*+혁명/NNG/*+의/JKG/*+이해/NNG/*
6시그마GB,,,,NNG,*,T,6시그마GB,Compound,*,*,6/SN/*+시그마/NNG/*+GB/NNP/*
가방디자인,,,,NNG,*,T,가방디자인,Compound,*,*,가방/NNG/*+디자인/NNG/*
가방디자인1,,,,NNG,*,T,가방디자인1,Compound,*,*,가방/NNG/*+디자인/NNG/*+1/SN/*
가상인터페이스디자인,,,,NNG,*,T,가상인터페이스디자인,Compound,*,*,가상/NNG/*+인터페이스/NNG/*+디자인/NNG/*
가치관과정의,,,,NNG,*,F,가치관과정의,Compound,*,*,가치관/NNG/*+과/JC/*+정의/NNG/*
감성경험디자인,,,,NNG,*,T,감성경험디자인,Compound,*,*,감성/NNG/*+경험/NNG/*+디자인/NNG/*
감성경험디자인1,,,,NNG,*,T,감성경험디자인1,Compound,*,*,감성/NNG/*+경험/NNG/*+디자인/NNG/*+1/SN/*
감성미학,,,,NNG,*,T,감성미학,Compound,*,*,감성/NNG/*+미학/NNG/*
객체지향개발론,,,,NNG,*,T,객체지향개발론,Compound,*,*,객체/NNG/*+지향/NNG/*+개발/NNG/*+론/XSN/*
거시경제학,,,,NNG,*,T,거시경제학,Compound,*,*,거시/NNG/*+경제학/NNG/*
거시경제학1,,,,NNG,*,T,거시경제학1,Compound,*,*,거시/NNG/*+경제학/NNG/*+1/SN/*
건설공정관리론,,,,NNG,*,T,건설공정관리론,Compound,*,*,건설/NNG/*+공정/NNG/*+관리/NNG/*+론/XSN/*
건설재료실험,,,,NNG,*,T,건설재료실험,Compound,*,*,건설/NNG/*+재료/NNG/*+실험/NNG/*
건설프로그래밍,,,,NNG,*,T,건설프로그래밍,Compound,*,*,건설/NNG/*+프로그래밍/NNG/*
건설환경공학과연구실심화실습,,,,NNG,*,T,건설환경공학과연구실심화실습,Compound,*,*,건설/NNG/*+환경/NNG/*+공학/NNG/*+과/JC/*+연구실/NNG/*+심화/NNG/*+실습/NNG/*
건설환경공학과연구실심화실습1,,,,NNG,*,T,건설환경공학과연구실심화실습1,Compound,*,*,건설/NNG/*+환경/NNG/*+공학/NNG/*+과/JC/*+연구실/NNG/*+심화/NNG/*+실습/NNG/*+1/SN/*
건설환경공학과연구실심화실습3,,,,NNG,*,T,건설환경공학과연구실심화실습3,Compound,*,*,건설/NNG/*+환경/NNG/*+공학/NNG/*+과/JC/*+연구실/NNG/*+심화/NNG/*+실습/NNG/*+3/SN/*
건설환경공학입문설계,,,,NNG,*,F,건설환경공학입문설계,Compound,*,*,건설/NNG/*+환경/NNG/*+공학/NNG/*+입문/NNG/*+설계/NNG/*
건설환경캡스톤디자인2,,,,NNG,*,T,건설환경캡스톤디자인2,Compound,*,*,건설/NNG/*+환경/NNG/*+캡스톤/NNP/*+디자인/NNG/*+2/SN/*
건축3D기하학,,,,NNG,*,T,건축3D기하학,Compound,*,*,건축/NNG/*+3D/NNP/*+기하학/NNG/*
건축개론,,,,NNG,*,T,건축개론,Compound,*,*,건축/NNG/*+개론/NNG/*
건축계획및이론,,,,NNG,*,T,건축계획및이론,Compound,*,*,건축/NNG/*+계획/NNG/*+및/MAJ/*+이론/NNG/*
건축공학설계,,,,NNG,*,F,건축공학설계,Compound,*,*,건축/NNG/*+공학/NNG/*+설계/NNG/*
건축공학전공연구실심화실습,,,,NNG,*,T,건축공학전공연구실심화실습,Compound,*,*,건축/NNG/*공학/NNG/*+전공/NNG/*+연구실/NNG/*+심화/NNG/*+실습/NNG/*
건축공학전공연구실심화실습1,,,,NNG,*,T,건축공학전공연구실심화실습1,Compound,*,*,건축/NNG/*공학/NNG/*+전공/NNG/*+연구실/NNG/*+심화/NNG/*+실습/NNG/*+1/SN/*
건축공학전공연구실심화실습3,,,,NNG,*,T,건축공학전공연구실심화실습3,Compound,*,*,건축/NNG/*공학/NNG/*+전공/NNG/*+연구실/NNG/*+심화/NNG/*+실습/NNG/*+3/SN/*
건축과사회,,,,NNG,*,F,건축과사회,Compound,*,*,건축/NNG/*+과/JC/*+사회/NNG/*
건축구조시스템설계,,,,NNG,*,F,건축구조시스템설계,Compound,*,*,건축/NNG/*+구조/NNG/*+시스템/NNG/*+설계/NNG/*
건축구조의기본,,,,NNG,*,T,건축구조의기본,Compound,*,*,건축/NNG/*+구조/NNG/*+의/JKG/*+기본/NNG/*
건축구조재료실험,,,,NNG,*,T,건축구조재료실험,Compound,*,*,건축/NNG/*+구조/NNG/*+재료/NNG/*+실험/NNG/*
건축도면의이해,,,,NNG,*,F,건축도면의이해,Compound,*,*,건축/NNG/*+도면/NNG/*+의/JKG/*+이해/NNG/*
건축법규와제도,,,,NNG,*,F,건축법규와제도,Compound,*,*,건축/NNG/*+법규/NNG/*+와/JC/*+제도/NNG/*
건축설계,,,,NNG,*,F,건축설계,Compound,*,*,건축/NNG/*+설계/NNG/*
건축설계1,,,,NNG,*,T,건축설계1,Compound,*,*,건축/NNG/*+설계/NNG/*+1/SN/*
건축설계3,,,,NNG,*,T,건축설계3,Compound,*,*,건축/NNG/*+설계/NNG/*+3/SN/*
건축설계5,,,,NNG,*,T,건축설계5,Compound,*,*,건축/NNG/*+설계/NNG/*+5/SN/*
건축설계7,,,,NNG,*,T,건축설계7,Compound,*,*,건축/NNG/*+설계/NNG/*+7/SN/*
건축설비,,,,NNG,*,F,건축설비,Compound,*,*,건축/NNG/*+설비/NNG/*
건축설비시스템,,,,NNG,*,T,건축설비시스템,Compound,*,*,건축/NNG/*+설비/NNG/*+시스템/NNG/*
건축시공및구법,,,,NNG,*,T,건축시공및구법,Compound,*,*,건축/NNG/*+시공/NNG/*+및/MAJ/*+구법/NNG/*
건축시공및프로젝트관리,,,,NNG,*,F,건축시공및프로젝트관리,Compound,*,*,건축/NNG/*+시공/NNG/*+및/MAJ/*+프로젝트/NNG/*+관리/NNG/*
건축실무,,,,NNG,*,F,건축실무,Compound,*,*,건축/NNG/*+실무/NNG/*
건축적산및견적,,,,NNG,*,T,건축적산및견적,Compound,*,*,건축/NNG/*+적산/NNG/*+및/MAJ/*+견적/NNG/*
건축전산구조해석,,,,NNG,*,T,건축전산구조해석,Compound,*,*,건축/NNG/*+전산/NNG/*+구조/NNG/*+해석/NNG/*
건축정보모델링,,,,NNG,*,T,건축정보모델링,Compound,*,*,건축/NNG/*+정보/NNG/*+모델링/NNG/*
건축정보모델링1,,,,NNG,*,T,건축정보모델링1,Compound,*,*,건축/NNG/*+정보/NNG/*+모델링/NNG*/+1/SN/*
건축제도,,,,NNG,*,F,건축제도,Compound,*,*,건축/NNG/*+제도/NNG/*
건축캡스톤디자인2,,,,NNG,*,T,건축캡스톤디자인2,Compound,*,*,건축/NNG/*+캡스톤/NNP/*+디자인/NNG/*+2/SN/*
건축표현기법,,,,NNG,*,T,건축표현기법,Compound,*,*,건축/NNG/*+표현/NNG/*+기법/NNG/*
건축표현기법2,,,,NNG,*,T,건축표현기법2,Compound,*,*,건축/NNG/*+표현/NNG/*+기법/NNG/*+2/SN/*
건축학전공연구실심화실습,,,,NNG,*,T,건축학전공연구실심화실습,Compound,*,*,건축학/NNG/*+전공/NNG/*+연구실/NNG/*+심화/NNG/*+실습/NNG/*
건축학전공연구실심화실습1,,,,NNG,*,T,건축학전공연구실심화실습1,Compound,*,*,건축학건축학/NNG/*+전공/NNG/*+연구실/NNG/*+심화/NNG/*+실습/NNG/*+1/SN/*
건축학전공연구실심화실습3,,,,NNG,*,T,건축학전공연구실심화실습3,Compound,*,*,건축학건축학/NNG/*+전공/NNG/*+연구실/NNG/*+심화/NNG/*+실습/NNG/*+3/SN/*
건축학캡스톤디자인,,,,NNG,*,T,건축학캡스톤디자인,Compound,*,*,건축학/NNG/*+캡스톤/NNP/*+디자인/NNG/*
건축학캡스톤디자인2,,,,NNG,*,T,건축학캡스톤디자인2,Compound,*,*,건축학/NNG/*+캡스톤/NNP/*+디자인/NNG/*+2/SN/*
건축환경계획론,,,,NNG,*,T,건축환경계획론,Compound,*,*,건축/NNG/*+환경/NNG/*+계획/NNG/*+론/XSN/*
건축CAD,,,,NNG,*,T,건축CAD,Compound,*,*,건축/NNG/*+CAD/NNP/*
게임프래닝,,,,NNG,*,T,게임프래닝,Compound,*,*,게임/NNG/*+프래닝/NNP/*
게임프로그래밍언어,,,,NNG,*,F,게임프로그래밍언어,Compound,*,*,게임/NNG/*+프로그래밍/NNG/*+언어/NNG/*
경영과데이터베이스,,,,NNG,*,F,경영과데이터베이스,Compound,*,*,경영/NNG/*+과/JC/*+데이터베이스/NNG/*
경영과학개론,,,,NNG,*,T,경영과학개론,Compound,*,*,경영/NNG/*+과학/NNG/*+개론/NNG/*
경영정보시스템,,,,NNG,*,T,경영정보시스템,Compound,*,*,경영/NNG/*+정보/NNG/*+시스템/NNG/*
경영캡스톤디자인,,,,NNG,*,T,경영캡스톤디자인,Compound,*,*,경영/NNG/*+캡스톤/NNP/*+디자인/NNG/*
경영캡스톤디자인1,,,,NNG,*,T,경영캡스톤디자인1,Compound,*,*,경영/NNG/*+캡스톤/NNP/*+디자인/NNG/*+1/SN/*
경영통계분석,,,,NNG,*,T,경영통계분석,Compound,*,*,경영/NNG/*+통계/NNG/*+분석/NNG/*
경영통계분석1,,,,NNG,*,T,경영통계분석1,Compound,*,*,경영/NNG/*+통계/NNG/*+분석/NNG/*+1/SN/*
경영학원론,,,,NNG,*,T,경영학원론,Compound,*,*,경영학/NNG/*+원론/NNG/*
경제사상사,,,,NNG,*,F,경제사상사,Compound,*,*,경제/NNG/*+사상사/NNG/*
경제원론,,,,NNG,*,T,경제원론,Compound,*,*,경제/NNG/*+원론/NNG/*
경제원론1,,,,NNG,*,T,경제원론1,Compound,*,*,경제/NNG/*+원론/NNG/*+1/SN/*
경제캡스톤디자인,,,,NNG,*,T,경제캡스톤디자인,Compound,*,*,경제/NNG/*+캡스톤/NNP/*+디자인/NNG/*
경제캡스톤디자인1,,,,NNG,*,T,경제캡스톤디자인1,Compound,*,*,경제/NNG/*+캡스톤/NNP/*+디자인/NNG/*+1/SN/*
경제통계학,,,,NNG,*,T,경제통계학,Compound,*,*,경제/NNG/*+통계학/NNG/*
경제학세미나,,,,NNG,*,F,경제학세미나,Compound,*,*,경제학/NNG/*+세미나/NNG/*
계량경영,,,,NNG,*,T,계량경영,Compound,*,*,계량/NNG/*+경영/NNG/*
계량경제학,,,,NNG,*,T,계량경제학,Compound,*,*,계량/NNG/*+경제학/NNG/*
계리리스크관리,,,,NNG,*,F,계리리스크관리,Compound,*,*,계리/NNG/*+리스크/NNG/*+관리/NNG/*
계리프로그래밍,,,,NNG,*,T,계리프로그래밍,Compound,*,*,계리/NNG/*+프로그래밍/NNG/*
계리프로그래밍1,,,,NNG,*,T,계리프로그래밍1,Compound,*,*,계리/NNG/*+프로그래밍/NNG/*+1/SN/*
계산재료과학,,,,NNG,*,T,계산재료과학,Compound,*,*,계산/NNG/*+재료/NNG/*+과학/NNG/*
고객관계관리전략,,,,NNG,*,T,고객관계관리전략,Compound,*,*,고객/NNG/*+관계/NNG/*+관리/NNG/*+전략/NNG/*
고고학의세계,,,,NNG,*,F,고고학의세계,Compound,*,*,고고학/NNG/*+의/JKG/*+세계/NNG/*
고고학의이론과역사,,,,NNG,*,F,고고학의이론과역사,Compound,*,*,고고학/NNG/*+의/JKG/*+이론/NNG/*+과/JC/*+역사/NNG/*
고급면역학,,,,NNG,*,T,고급면역학,Compound,*,*,고급/NNG/*+면역학/NNG/*
고급영어작문,,,,NNG,*,T,고급영어작문,Compound,*,*,고급/NNG/*+영어/NNG/*+작문/NNG/*
고급영어회화,,,,NNG,*,F,고급영어회화,Compound,*,*,고급/NNG/*+영어/NNG/*+회화/NNG/*
고급일본어회화,,,,NNG,*,F,고급일본어회화,Compound,*,*,고급/NNG/*+일본어/NNG/*+회화/NNG/*
고급일본어회화1,,,,NNG,*,T,고급일본어회화1,Compound,*,*,고급/NNG/*+일본어/NNG/*+회화/NNG/*+1/SN/*
고급전자물리,,,,NNG,*,F,고급전자물리,Compound,*,*,고급/NNG/*+전자/NNG/*+물리/NNG/*
고급컴퓨터활용,,,,NNG,*,T,고급컴퓨터활용,Compound,*,*,고급/NNG/*+컴퓨터/NNG/*+활용/NNG/*
고급회계,,,,NNG,*,F,고급회계,Compound,*,*,고급/NNG/*+회계/NNG/*
고급회계2,,,,NNG,*,T,고급회계2,Compound,*,*,고급/NNG/*+회계/NNG/*+2/SN/*
고등미적분학,,,,NNG,*,T,고등미적분학,Compound,*,*,고등/NNG/*+미적분학/NNG/*
고분자화학,,,,NNG,*,T,고분자화학,Compound,*,*,고분자/NNG/*+화학/NNG/*
고용관계론,,,,NNG,*,T,고용관계론,Compound,*,*,고용/NNG/*+관계/NNG/*+론/XSN/*
고전문학과스토리텔링,,,,NNG,*,T,고전문학과스토리텔링,Compound,*,*,고전/NNG/*+문학/NNG/*+과/JC/*+스토리/NNG/*+텔링/NNG/*
고전소설의이해,,,,NNG,*,F,고전소설의이해,Compound,*,*,고전/NNG/*+소설/NNG/*+의/JKG/*+이해/NNG/*
고전음악의이해,,,,NNG,*,F,고전음악의이해,Compound,*,*,고전/NNG/*+음악/NNG/*+의/JKG/*+이해/NNG/*
고전한문독해,,,,NNG,*,F,고전한문독해,Compound,*,*,고전/NNG/*+한문/NNG/*+독해/NNG/*
고지자기학,,,,NNG,*,T,고지자기학,*,*,*,*
고체역학,,,,NNG,*,T,고체역학,Compound,*,*,고체/NNG/*+역학/NNG/*
공간디자인,,,,NNG,*,T,공간디자인,Compound,*,*,공간/NNG/*+디자인/NNG/*
공간디자인1,,,,NNG,*,T,공간디자인1,Compound,*,*,공간/NNG/*+디자인/NNG/*+1/SN/*
공간디자인기획,,,,NNG,*,T,공간디자인기획,Compound,*,*,공간/NNG/*+디자인/NNG/*+기획/NNG/*
공간디자인기획1,,,,NNG,*,T,공간디자인기획1,Compound,*,*,공간/NNG/*+디자인/NNG/*+기획/NNG/*+1/SN/*
공공경제학,,,,NNG,*,T,공공경제학,Compound,*,*,공공/NNG/*+경제학/NNG/*
공급사슬경영,,,,NNG,*,T,공급사슬경영,Compound,*,*,공급/NNG/*+사슬/NNG/*+경영/NNG/*
공동주거관리론,,,,NNG,*,T,공동주거관리론,Compound,*,*,공동/NNG/*+주거/NNG/*+관리/NNG/*+론/XSN/*
공업물리화학,,,,NNG,*,T,공업물리화학,Compound,*,*,공업/NNG/*+물리/NNG/*+화학/NNG/*
공업물리화학1,,,,NNG,*,T,공업물리화학1,Compound,*,*,공업/NNG/*+물리/NNG/*+화학/NNG/*+1/SN/*
공업수학,,,,NNG,*,T,공업수학,Compound,*,*,공업/NNG/*+수학/NNG/*
공업수학1,,,,NNG,*,T,공업수학1,Compound,*,*,공업/NNG/*+수학/NNG/*+1/SN/*
공업수학2,,,,NNG,*,T,공업수학2,Compound,*,*,공업/NNG/*+수학/NNG/*+2/SN/*
공업유기화학,,,,NNG,*,T,공업유기화학,Compound,*,*,공업/NNG/*+유기/NNG/*+화학/NNG/*
공업유기화학1,,,,NNG,*,T,공업유기화학1,Compound,*,*,공업/NNG/*+유기/NNG/*+화학/NNG/*+1/SN/*
공정설계,,,,NNG,*,F,공정설계,Compound,*,*,공정/NNG/*+설계/NNG/*
공학경제,,,,NNG,*,F,공학경제,Compound,*,*,공학/NNG/*+경제/NNG/*
공학과심리,,,,NNG,*,F,공학과심리,Compound,*,*,공학/NNG/*+과/JC/*+심리/NNG/*
공학기초수학,,,,NNG,*,T,공학기초수학,Compound,*,*,공학/NNG/*+기초/NNG/*+수학/NNG/*
공학도를위한학술영어,,,,NNG,*,F,공학도를위한학술영어,Compound,*,*,공학도/NNG/*+를/JKO/*+위한/VV+ETM/*+학술/NNG/*+영어/NNG/*
공학생리학,,,,NNG,*,T,공학생리학,Compound,*,*,공학/NNG/*+생리학/NNG/*
공학설계및응용,,,,NNG,*,T,공학설계및응용,Compound,*,*,공학/NNG/*+설계/NNG/*+및/MAJ/*+응용/NNG/*
공학설계및응용1,,,,NNG,*,T,공학설계및응용1,Compound,*,*,공학/NNG/*+설계/NNG/*+및/MAJ/*+응용/NNG/*+1/SN/*
공학수학,,,,NNG,*,T,공학수학,Compound,*,*,공학/NNG/*+수학/NNG/*
공학입문설계,,,,NNG,*,F,공학입문설계,Compound,*,*,공학/NNG/*+입문/NNG/*+설계/NNG/*
공학프로그래밍,,,,NNG,*,T,공학프로그래밍,Compound,*,*,공학/NNG/*+프로그래밍/NNG/*
공학프로그래밍2,,,,NNG,*,T,공학프로그래밍2,Compound,*,*,공학/NNG/*+프로그래밍/NNG/*+2/SN/*
과학기술의철학적이해,,,,NNG,*,F,과학기술의철학적이해,Compound,*,*,과학/NNG/*+기술/NNG/*+의/JKG/*+철학/NNG/*+적/XSN/*+이해/NNG/*
과학적분석및발표,,,,NNG,*,F,과학적분석및발표,Compound,*,*,과학/NNG/*+적/XSN/*+분석/NNG/*+및/MAJ/*+발표/NNG/*
관계의기술,,,,NNG,*,T,관계의기술,Compound,*,*,관계/NNG/*+의/JKG/*+기술/NNG/*
광고원론,,,,NNG,*,T,광고원론,Compound,*,*,광고/NNG/*+원론/NNG/*
광고홍보캡스톤디자인,,,,NNG,*,T,광고홍보캡스톤디자인,Compound,*,*,광고/NNG/*+홍보/NNG/*+캡스톤/NNP/*+디자인/NNG/*
광고홍보캡스톤디자인1,,,,NNG,*,T,광고홍보캡스톤디자인1,Compound,*,*,광고/NNG/*+홍보/NNG/*+캡스톤/NNP/*+디자인/NNG/*+1/SN/*
광공학개론,,,,NNG,*,T,광공학개론,Compound,*,*,광공학/NNG/*+개론/NNG/*
광전자소자,,,,NNG,*,F,광전자소자,Compound,*,*,광전자/NNP/*+소자/NNG/*
광전자실험,,,,NNG,*,T,광전자실험,Compound,*,*,광전자/NNP/*+실험/NNG/*
광전자응용,,,,NNG,*,T,광전자응용,Compound,*,*,광전자/NNP/*+응용/NNG/*
교과교육론,,,,NNG,*,T,교과교육론,Compound,*,*,교과/NNG/*+교육/NNG/*+론/XSN/*
교과교육론(디자인),,,,NNG,*,T,교과교육론(디자인),Compound,*,*,교과/NNP/*+교육/NNG/*+론/XSN/*+(/SSO/*+디자인/NNG/*+)/SSC/*
교과교육론(상업),,,,NNG,*,T,교과교육론(상업),Compound,*,*,교과/NNG/*+교육/NNG/*+론/XSN/*+(/SSO/*+상업/NNG/*+)/SSC/*
교과교육론(영어),,,,NNG,*,T,교과교육론(영어),Compound,*,*,교과/NNG/*+교육/NNG/*+론/XSN/*+(/SSO/*+영어/NNG/*+)/SSC/*
교과교육론(일반사회),,,,NNG,*,T,교과교육론(일반사회),Compound,*,*,교과/NNG/*+교육/NNG/*+론/XSN/*+(/SSO/*+일반/NNG/*+사회/NNG/*+)/SSC/*
교과교육론(일본어),,,,NNG,*,T,교과교육론(일본어),Compound,*,*,교과/NNG/*+교육/NNG/*+론/XSN/*+(/SSO/*+일본어/NNG/*+)/SSC/*
교과교육론(중국어),,,,NNG,*,T,교과교육론(중국어),Compound,*,*,교과/NNG/*+교육/NNG/*+론/XAN/*+(/SSO/*+중국어/NNG/*+)/SSC/*
교과교육론(체육),,,,NNG,*,T,교과교육론(체육),Compound,*,*,교과/NNG/*+교육/NNG/*+론/XAN/*+(/SSO/*+체육/NNG/*+)/SSC/*
교과교육론(프랑스어),,,,NNG,*,T,교과교육론(프랑스어),Compound,*,*,교과/NNG/*+교육/NNG/*+론/XAN/*+(/SSO/*+프랑스어/NNP/*+)/SSC/*
교과교재연구및지도,,,,NNG,*,F,교과교재연구및지도,Compound,*,*,교과/NNG/*+교재/NNG/*+연구/NNG/*+및/MAJ/*+지도/NNG/*
교과교재연구및지도(디자인),,,,NNG,*,T,교과교재연구및지도(디자인),Compound,*,*,교과/NNG/*+교재/NNG/*+연구/NNG/*+및/MAJ/*+지도/NNG/*+(/SSO/*+디자인/NNG/*+)/SSC/*
교과교재연구및지도(상업),,,,NNG,*,T,교과교재연구및지도(상업),Compound,*,*,교과/NNG/*+교재/NNG/*+연구/NNG/*+및/MAJ/*+지도/NNG/*+(/SSO/*+상업/NNG/*+)/SSC/*
교과교재연구및지도(영어),,,,NNG,*,T,교과교재연구및지도(영어),Compound,*,*,교과/NNG/*+교재/NNG/*+연구/NNG/*+및/MAJ/*+지도/NNG/*+(/SSO/*+영어/NNG/*+)/SSC/*
교과교재연구및지도(일반사회),,,,NNG,*,T,교과교재연구및지도(일반사회),Compound,*,*,교과/NNG/*+교재/NNG/*+연구/NNG/*+및/MAJ/*+지도/NNG/*+(/SSO/*+일반/NNG/*+사회/NNG/*)/SSC/*
교과교재연구및지도(일본어),,,,NNG,*,T,교과교재연구및지도(일본어),Compound,*,*,교과/NNG/*+교재/NNG/*+연구/NNG/*+및/MAJ/*+지도/NNG/*+(/SSO/*+일본어/NNG/*+)/SSC/*
교과교재연구및지도(중국어),,,,NNG,*,T,교과교재연구및지도(중국어),Compound,*,*,교과/NNG/*+교재/NNG/*+연구/NNG/*+및/MAJ/*+지도/NNG/*+(/SSO/*+중국어/NNG/*+)/SSC/*
교과교재연구및지도(체육),,,,NNG,*,T,교과교재연구및지도(체육),Compound,*,*,교과/NNG/*+교재/NNG/*+연구/NNG/*+및/MAJ/*+지도/NNG/*+(/SSO/*+체육/NNG/*+)/SSC/*
교과교재연구및지도(프랑스어),,,,NNG,*,T,교과교재연구및지도(프랑스어),Compound,*,*,교과/NNG/*+교재/NNG/*+연구/NNG/*+및/MAJ/*+지도/NNG/*+(/SSO/*+프랑스어/NNP/*+)/SSC/*
교양골프,,,,NNG,*,F,교양골프,Compound,*,*,교양/NNG/*+골프/NNG/*
교양구급법,,,,NNG,*,T,교양구급법,Compound,*,*,교양/NNG/*+구급법/NNG/*
교양농구,,,,NNG,*,F,교양농구,Compound,*,*,교양/NNG/*+농구/NNG/*
교양댄스스포츠,,,,NNG,*,F,교양댄스스포츠,Compound,*,*,교양/NNG/*+댄스/NNG/*+스포츠/NNG/*
교양배드민턴,,,,NNG,*,T,교양배드민턴,Compound,*,*,교양/NNG/*+배드민턴/NNG/*
교양스페인어,,,,NNG,*,F,교양스페인어,Compound,*,*,교양/NNG/*+스페인어/NNP/*
교양심화프랑스어,,,,NNG,*,F,교양심화프랑스어,Compound,*,*,교양/NNG/*+심화/NNG/*+프랑스어/NNP/*
교양요가및필라테스,,,,NNG,*,F,교양요가및필라테스,Compound,*,*,교양/NNG/*+요가/NNG/*+및/MAJ/*+필라테스/NNG/*
교양윈드써핑,,,,NNG,*,T,교양윈드써핑,Compound,*,*,교양/NNG/*+윈드/NNG/*+써핑/NNG/*
교양일본어,,,,NNG,*,F,교양일본어,Compound,*,*,교양/NNG/*+일본어/NNG/*
교양축구,,,,NNG,*,F,교양축구,Compound,*,*,교양/NNG/*+축구/NNG/*
교양크로스컨트리,,,,NNG,*,F,교양크로스컨트리,Compound,*,*,교양/NNG/*+크로스컨트리/NNG/*
교양타악실기,,,,NNG,*,F,교양타악실기,Compound,*,*,교양/NNG/*+타악/NNG/*+실기/NNG/*
교양태권도,,,,NNG,*,F,교양태권도,Compound,*,*,교양/NNG/*+태권도/NNG/*
교양태권도및호신술,,,,NNG,*,T,교양태권도및호신술,Compound,*,*,교양/NNG/*+태권도/NNG/*+및/MAJ/*+호신술/NNG/*
교양테니스,,,,NNG,*,F,교양테니스,Compound,*,*,교양/NNG/*+테니스/NNG/*
교양프랑스어,,,,NNG,*,F,교양프랑스어,Compound,*,*,교양/NNG/*+프랑스어/NNP/*
교양피트니스트레이닝,,,,NNG,*,T,교양피트니스트레이닝,Compound,*,*,교양/NNG/*+피트니스/NNG/*+트레이닝/NNG/*
교육과정론,,,,NNG,*,T,교육과정론,Compound,*,*,교육/NNG/*+과정/NNG/*+론/XSN/*
교육봉사활동,,,,NNG,*,T,교육봉사활동,Compound,*,*,교육/NNG/*+봉사/NNG/*+활동/NNG/*
교육봉사활동1,,,,NNG,*,T,교육봉사활동1,Compound,*,*,교육/NNG/*+봉사/NNG/*+활동/NNG/*+1/SN/*
교육실습,,,,NNG,*,T,교육실습,Compound,*,*,교육/NNG/*+실습/NNG/*
교육심리학,,,,NNG,*,T,교육심리학,Compound,*,*,교육/NNG/*+심리학/NNG/*
교육평가론,,,,NNG,*,T,교육평가론,Compound,*,*,교육/NNG/*+평가/NNG/*+론/XSN/*
교육학개론,,,,NNG,*,T,교육학개론,Compound,*,*,교육학/NNG/*+개론/NNG/*
교통공학,,,,NNG,*,T,교통공학,Compound,*,*,교통/NNG/*+공학/NNG/*
교통류시뮬레이션,,,,NNG,*,T,교통류시뮬레이션,Compound,*,*,교통류/NNG/*+시뮬레이션/NNG/*
교통물류경제,,,,NNG,*,F,교통물류경제,Compound,*,*,교통/NNG/*+물류/NNG/*+경제/NNG/*
교통물류공학과연구실심화실습,,,,NNG,*,T,교통물류공학과연구실심화실습,Compound,*,*,교통/NNG/*+물류/NNG/*+공학/NNG/*+과/JC/*+연구실/NNG/*+심화/NNG/*+실습/NNG/*
교통물류공학과연구실심화실습1,,,,NNG,*,T,교통물류공학과연구실심화실습1,Compound,*,*,교통/NNG/*+물류/NNG/*+공학/NNG/*+과/JC/*+연구실/NNG/*+심화/NNG/*+실습/NNG/*+1/SN/*
교통물류공학과연구실심화실습3,,,,NNG,*,T,교통물류공학과연구실심화실습3,Compound,*,*,교통/NNG/*+물류/NNG/*+공학/NNG/*+과/JC/*+연구실/NNG/*+심화/NNG/*+실습/NNG/*+3/SN/*
교통수요분석,,,,NNG,*,T,교통수요분석,Compound,*,*,교통/NNG/*+수요/NNG/*+분석/NNG/*
교통시설구조공학,,,,NNG,*,T,교통시설구조공학,Compound,*,*,교통/NNG/*+시설/NNG/*+구조/NNG/*+공학/NNG/*
교통시설구조공학1,,,,NNG,*,T,교통시설구조공학1,Compound,*,*,교통/NNG/*+시설/NNG/*+구조/NNG/*+공학/NNG/*+1/SN/*
교통영향분석,,,,NNG,*,T,교통영향분석,Compound,*,*,교통/NNG/*+영향/NNG/*+분석/NNG/*
교통정보공학,,,,NNG,*,T,교통정보공학,Compound,*,*,교통/NNG/*+정보/NNG/*+공학/NNG/*
교통캡스톤디자인2,,,,NNG,*,T,교통캡스톤디자인2,Compound,*,*,교통/NNG/*+캡스톤/NNP/*+디자인/NNG/*+2/SN/*
구두디자인,,,,NNG,*,T,구두디자인,Compound,*,*,구두/NNG/*+디자인/NNG/*
구두디자인1,,,,NNG,*,T,구두디자인1,Compound,*,*,구두/NNG/*+디자인/NNG/*+1/SN/*
구비민속문화론,,,,NNG,*,T,구비민속문화론,Compound,*,*,구비/NNG/*+민속/NNG/*+문화/NNG/*+론/XSN/*
구조시스템,,,,NNG,*,T,구조시스템,Compound,*,*,구조/NNG/*+시스템/NNG/*
구조시스템1,,,,NNG,*,T,구조시스템1,Compound,*,*,구조/NNG/*+시스템/NNG/*+1/SN/*
구조역학,,,,NNG,*,T,구조역학,Compound,*,*,구조/NNG/*+역학/NNG/*
구조해석,,,,NNG,*,T,구조해석,Compound,*,*,구조/NNG/*+해석/NNG/*
구조해석2,,,,NNG,*,T,구조해석2,Compound,*,*,구조/NNG/*+해석/NNG/*+2/SN/*
국문학개론,,,,NNG,*,T,국문학개론,Compound,*,*,국문학/NNG/*+개론/NNG/*
국방정보공학캡스톤디자인,,,,NNG,*,T,국방정보공학캡스톤디자인,Compound,*,*,국방/NNG/*+정보/NNG/*+공학/NNG/*+캡스톤/NNP/*+디자인/NNG/*
국방정보공학캡스톤디자인2,,,,NNG,*,T,국방정보공학캡스톤디자인2,Compound,*,*,국방/NNG/*+정보/NNG/*+공학/NNG/*+캡스톤/NNP/*+디자인/NNG/*+2/SN/*
국어문법구조,,,,NNG,*,F,국어문법구조,Compound,*,*,국어/NNG/*+문법/NNG/*+구조/NNG/*
국어학개론,,,,NNG,*,T,국어학개론,Compound,*,*,국어학/NNG/*+개론/NNG/*
국어화용론,,,,NNG,*,T,국어화용론,Compound,*,*,국어/NNG/*+화용론/NNG/*
국제금융과자본시장,,,,NNG,*,T,국제금융과자본시장,Compound,*,*,국제/NNG/*+금융/NNG/*+과/JC/*+자본/NNG/*+시장/NNG/*
국제통상워크샾,,,,NNG,*,T,국제통상워크샾,Compound,*,*,국제/NNG/*+통상/NNG/*+워크샾/NNG/*
군사학,,,,NNG,*,T,군사학,*,*,*,*
규슈속의한국,,,,NNG,*,T,규슈속의한국,Compound,*,*,규슈/NNP/*+속/NNG/*+의/JKG/*+한국/NNP/*
그래프론,,,,NNG,*,T,그래프론,Compound,*,*,그래프/NNG/*+론/XSN/*
그림으로배우는컴퓨터구조기초,,,,NNG,*,F,그림으로배우는컴퓨터구조기초,Compound,*,*,그림/NNG/*+으로/JKB/*+배우/VV/*+는/ETM/*+컴퓨터/NNG/*+구조/NNG/*+기초/NNG/*
극지의바다와얼음,,,,NNG,*,T,극지의바다와얼음,Compound,*,*,극지/NNG/*+의/JKG/*+바다/NNG/*+와/JC/*+얼음/NNG/*
근대건축사,,,,NNG,*,F,근대건축사,Compound,*,*,근대/NNG/*+건축사/NNG/*
글과삶,,,,NNG,*,T,글과삶,Compound,*,*,글/NNG/*+과/JC/*+삶/NNG/*
글로벌기술경영,,,,NNG,*,T,글로벌기술경영,Compound,*,*,글로벌/NNG/*+기술/NNG/*+경영/NNG/*
글로벌리더트레이닝2,,,,NNG,*,T,글로벌리더트레이닝2,Compound,*,*,글로벌/NNG/*+리더/NNG/*+트레이닝/NNG/*+2/SN/*
글로벌마케팅,,,,NNG,*,T,글로벌마케팅,Compound,*,*,글로벌/NNG/*+마케팅/NNG/*
글로벌마케팅조사와창업기회,,,,NNG,*,F,글로벌마케팅조사와창업기회,Compound,*,*,글로벌/NNG/*+마케팅/NNG/*+조사/NNG/*+와/JC/*+창업/NNG/*+기회/NNG/*
글로벌비지니스커뮤니케이션,,,,NNG,*,T,글로벌비지니스커뮤니케이션,Compound,*,*,글로벌/NNG/*+비지니스/NNG/*+커뮤니케이션/NNG/*
글로벌엔터테인먼트의세계,,,,NNG,*,F,글로벌엔터테인먼트의세계,Compound,*,*,글로벌/NNG/*+엔터테인먼트/NNG/*+의/JKG/*+세계/NNG/*
글로벌이슈,,,,NNG,*,F,글로벌이슈,Compound,*,*,글로벌/NNG/*+이슈/NNG/*
금융경제학,,,,NNG,*,T,금융경제학,Compound,*,*,금융/NNG/*+경제학/NNG/*
금융공학,,,,NNG,*,T,금융공학,Compound,*,*,금융/NNG/*+공학/NNG/*
금융공학1,,,,NNG,*,T,금융공학1,Compound,*,*,금융/NNG/*+공학/NNG/*+1/SN/*
금융보험수학,,,,NNG,*,T,금융보험수학,Compound,*,*,금융/NNG/*+보험/NNG/*+수학/NNG/*
금융보험수학1,,,,NNG,*,T,금융보험수학1,Compound,*,*,금융/NNG/*+보험/NNG/*+수학/NNG/*+1/SN/*
기계공작실습,,,,NNG,*,T,기계공작실습,Compound,*,*,기계/NNG/*+공작/NNG/*+실습/NNG/*
기계공학개론,,,,NNG,*,T,기계공학개론,Compound,*,*,기계/NNG/*+공학/NNG/*+개론/NNG/*
기계공학연구실심화실습,,,,NNG,*,T,기계공학연구실심화실습,Compound,*,*,기계/NNG/*+공학/NNG/*+연구실/NNG/*+심화/NNG/*+실습/NNG/*
기계공학연구실심화실습1,,,,NNG,*,T,기계공학연구실심화실습1,Compound,*,*,기계/NNG/*+공학/NNG/*+연구실/NNG/*+심화/NNG/*+실습/NNG/*+1/SN/*
기계공학연구실심화실습3,,,,NNG,*,T,기계공학연구실심화실습3,Compound,*,*,기계/NNG/*+공학/NNG/*+연구실/NNG/*+심화/NNG/*+실습/NNG/*+3/SN/*
기계공학입문설계,,,,NNG,*,F,기계공학입문설계,Compound,*,*,기계/NNG/*+공학/NNG/*+입문/NNG/*+설계/NNG/*
기계공학특론,,,,NNG,*,T,기계공학특론,Compound,*,*,기계/NNG/*+공학/NNG/*+특/NNG/*+론/XSN/*
기계비평,,,,NNG,*,T,기계비평,Compound,*,*,기계/NNG/*+비평/NNG/*
기계설계,,,,NNG,*,F,기계설계,Compound,*,*,기계/NNG/*+설계/NNG/*
기계역학,,,,NNG,*,T,기계역학,Compound,*,*,기계/NNG/*+역학/NNG/*
기계재료설계,,,,NNG,*,F,기계재료설계,Compound,*,*,기계/NNG/*+재료/NNG/*+설계/NNG/*
기계제작공정,,,,NNG,*,T,기계제작공정,Compound,*,*,기계/NNG/*+제작/NNG/*+공정/NNG/*
기계체조,,,,NNG,*,F,기계체조,Compound,*,*,기계/NNG/*+체조/NNG/*
기계체조2,,,,NNG,*,T,기계체조2,Compound,*,*,기계/NNG/*+체조/NNG/*+2/SN/*
기계캡스톤디자인,,,,NNG,*,T,기계캡스톤디자인,Compound,*,*,기계/NNG/*+캡스톤/NNP/*+디자인/NNG/*
기계캡스톤디자인2,,,,NNG,*,T,기계캡스톤디자인2,Compound,*,*,기계/NNG/*+캡스톤/NNP/*+디자인/NNG/*+2/SN/*
기구학,,,,NNG,*,T,기구학,*,*,*,*
기능성고분자,,,,NNG,*,F,기능성고분자,Compound,*,*,기능/NNG/*+성/XSN/*+고분자/NNG/*
기본입자의이해,,,,NNG,*,F,기본입자의이해,Compound,*,*,기본/NNG/*+입자/NNG/*+의/JKG/*+이해/NNG/*
기술작문및발표,,,,NNG,*,F,기술작문및발표,Compound,*,*,기술/NNG/*+작문/NNG/*+및/MAJ/*+발표/NNG/*
기업가정신과리더십,,,,NNG,*,T,기업가정신과리더십,Compound,*,*,기업가/NNG/*+정신/NNG/*+과/JC/*+리더십/NNG/*
기업가정신과미래설계,,,,NNG,*,F,기업가정신과미래설계,Compound,*,*,기업가/NNG/*+정신/NNG/*+과/JC/*+미래/NNG/*+설계/NNG/*
기업경영과비즈니스전략,,,,NNG,*,T,기업경영과비즈니스전략,Compound,*,*,기업/NNG/*+경영/NNG/*+과/JC/*+비즈니스/NNG/*+전략/NNG/*
기업분석과취창업전략,,,,NNG,*,T,기업분석과취창업전략,Compound,*,*,기업/NNG/*+분석/NNG/*+과/JC/*+취창업/NNG/*+전략/NNG/*
기업윤리와사회적책임,,,,NNG,*,T,기업윤리와사회적책임,Compound,*,*,기업/NNG/*+윤리/NNG/*와/JC/*+사회/NNG/*+적/XSN/*+책임/NNG/*
기업재무론,,,,NNG,*,T,기업재무론,Compound,*,*,기업/NNG/*+재무/NNG/*+론/XSN/*
기초공학,,,,NNG,*,T,기초공학,Compound,*,*,기초/NNG/*+공학/NNG/*
기초디자인,,,,NNG,*,T,기초디자인,Compound,*,*,기초/NNG/*+디자인/NNG/*
기초디자인1,,,,NNG,*,T,기초디자인1,Compound,*,*,기초/NNG/*+디자인/NNG/*+1/SN/*
기초로봇공학개론,,,,NNG,*,T,기초로봇공학개론,Compound,*,*,기초/NNG/*+로봇/NNG/*+공학/NNG/*+개론/NNG/*
기초물리학,,,,NNG,*,T,기초물리학,Compound,*,*,기초/NNG/*+물리학/NNG/*
기초물성론,,,,NNG,*,T,기초물성론,Compound,*,*,기초/NNG/*+물성론/NNG/*
기초미분적분학,,,,NNG,*,T,기초미분적분학,Compound,*,*,기초/NNG/*+미분/NNG/*+적분학/NNG/*
기초전자회로,,,,NNG,*,F,기초전자회로,Compound,*,*,기초/NNG/*+전자/NNG/*+회로/NNG/*
기초컴퓨터응용디자인,,,,NNG,*,T,기초컴퓨터응용디자인,Compound,*,*,기초/NNG/*+컴퓨터/NNG/*+응용/NNG/*+디자인/NNG/*
기초프랑스어,,,,NNG,*,F,기초프랑스어,Compound,*,*,기초/NNG/*+프랑스어/NNP/*
기초프랑스어1,,,,NNG,*,T,기초프랑스어1,Compound,*,*,기초/NNG/*+프랑스어/NNP/*+1/SN/*
기초프랑스어작문,,,,NNG,*,T,기초프랑스어작문,Compound,*,*,기초/NNG/*+프랑스어/NNP/*+작문/NNG/*
기초해양통계및실습,,,,NNG,*,T,기초해양통계및실습,Compound,*,*,기초/NNG/*+해양/NNG/*+통계/NNG/*+및/MAJ/*+실습/NNG/*
나노공정실험,,,,NNG,*,T,나노공정실험,Compound,*,*,나노/NNG/*+공정/NNG/*+실험/NNG/*
나노광전자캡스톤디자인,,,,NNG,*,T,나노광전자캡스톤디자인,Compound,*,*,나노/NNG/*+광전자/NNG/*+캡스톤/NNP/*+디자인/NNG/*
나노광전자캡스톤디자인2,,,,NNG,*,T,나노광전자캡스톤디자인2,Compound,*,*,나노/NNG/*+광전자/NNG/*+캡스톤/NNP/*+디자인/NNG/*+2/SN/*
나노소재공학,,,,NNG,*,T,나노소재공학,Compound,*,*,나노/NNG/*+소재/NNG/*+공학/NNG/*
나노재료,,,,NNG,*,F,나노재료,Compound,*,*,나노/NNG/*+재료/NNG/*
나를좋아하게하는커뮤니케이션,,,,NNG,*,T,나를좋아하게하는커뮤니케이션,Compound,*,*,나/NP/*+를/JKO/*+좋아하/VV/*+게/EC/*+하/VV/*+는/ETM/*+커뮤니케이션/NNG/*
나를찾는미술치료,,,,NNG,*,F,나를찾는미술치료,Compound,*,*,나/NP/*+를/JKO/*+찾/VV/*+는/ETM/*+미술/NNG/*+치료/NNG/*
나를찾아가는여행,,,,NNG,*,T,나를찾아가는여행,Compound,*,*,나/NP/*+를/JKO/*+찾아가/VV/*+는/ETM/*+여행/NNG/*
내러티브&인터랙티브프로젝트,,,,NNG,*,F,내러티브&인터랙티브프로젝트,Compound,*,*,내러티브/NNG/*+&/SY/*+인터랙티브/NNG/*+프로젝트/NNG/*
내러티브&인터랙티브프로젝트1,,,,NNG,*,T,내러티브&인터랙티브프로젝트1,Compound,*,*,내러티브/NNG/*+&/SY/*+인터랙티브/NNG/*+프로젝트/NNG/*+1/SN/*
논리설계응용,,,,NNG,*,T,논리설계응용,Compound,*,*,논리/NNG/*+설계/NNG/*+응용/NNG/*
논리역량,,,,NNG,*,T,논리역량,Compound,*,*,논리/NNG/*+역량/NNG/*
논리적으로생각하는능력,,,,NNG,*,T,논리적으로생각하는능력,Compound,*,*,논리/NNG/*+적/XSN/*+으로/JKB/*+생각/NNG/*+하/VV/*+는/ETM/*+능력/NNG/*
논리학,,,,NNG,*,T,논리학,*,*,*,*
농구,,,,NNG,*,F,농구,*,*,*,*
농구1,,,,NNG,*,T,농구1,Compound,*,*,농구/NNG/*+1/SN/*
누구나할수있는스마트폰앱만들기,,,,NNG,*,F,누구나할수있는스마트폰앱만들기,Compound,*,*,누구/NP/*+나/JX/*+할/VV+ETM/*+수/NNB/*+있/VV/*+는/ETM/*+스마트폰/NNG/*+앱/NNG/*+만들/VV/*+기/ETN/*
뉴스영어따라잡기,,,,NNG,*,F,뉴스영어따라잡기,Compound,*,*,뉴스/NNG/*+영어/NNG/*+따라잡/VV/*+기/ETN/*
다문화간의사소통,,,,NNG,*,T,다문화간의사소통,Compound,*,*,다/MAG/*+문화/NNG/*+간/NNB/*+의사소통/NNG/*
다문화와열린사회,,,,NNG,*,F,다문화와열린사회,Compound,*,*,다/MAG/*+문화/NNG/*+와/JC/*+열린/VV+ETM/*+사회/NNG/*
단백질체학,,,,NNG,*,T,단백질체학,Compound,*,*,단백질/NNG/*+체학/NNG/*
대중문화와문화콘텐츠,,,,NNG,*,F,대중문화와문화콘텐츠,Compound,*,*,대중/NNG/*+문화/NNG/*+와/JC/*+문화/NNG/*+콘텐츠/NNG/*
대학생물학,,,,NNG,*,T,대학생물학,Compound,*,*,대학/NNG/*+생물학/NNG/*
대학생을위한실용금융,,,,NNG,*,T,대학생을위한실용금융,Compound,*,*,대학생/NNG/*+을/JKO/*+위한/VV+ETM/*+실용/NNG/*+금융/NNG/*
대학생화학,,,,NNG,*,T,대학생화학,Compound,*,*,대학생/NNG/*+화학/NNG/*
대학생화학1,,,,NNG,*,T,대학생화학1,Compound,*,*,대학생/NNG/*+화학/NNG/*+1/SN/*
대학화학,,,,NNG,*,T,대학화학,Compound,*,*,대학/NNG/*+화학/NNG/*
데이터베이스기초,,,,NNG,*,F,데이터베이스기초,Compound,*,*,데이터베이스/NNG/*+기초/NNG/*
데이터베이스응용,,,,NNG,*,T,데이터베이스응용,Compound,*,*,데이터베이스/NNG/*+응용/NNG/*
데이터분석과시각화,,,,NNG,*,F,데이터분석과시각화,Compound,*,*,데이터/NNG/*+분석/NNG/*+과/JC/*+시각화/NNG/*
데이터사이언스의기초,,,,NNG,*,F,데이터사이언스의기초,Compound,*,*,데이터/NNG/*+사이언스/NNG/*+의/JKG/*+기초/NNG/*
데이터사이언스의이해,,,,NNG,*,F,데이터사이언스의이해,Compound,*,*,데이터/NNG/*+사이언스/NNG/*+의/JKG/*+이해/NNG/*
데이터애널리틱스,,,,NNG,*,F,데이터애널리틱스,Compound,*,*,데이터/NNG/*+애널리틱스/NNG/*
도시경제학,,,,NNG,*,T,도시경제학,Compound,*,*,도시/NNG/*+경제학/NNG/*
도시관광의이해,,,,NNG,*,F,도시관광의이해,Compound,*,*,도시/NNG/*+관광/NNG/*+의/JKG/*+이해/NNG/*
도시설계론,,,,NNG,*,T,도시설계론,Compound,*,*,도시/NNG/*+설계/NNG/*+론/XSN/*
도시와건축,,,,NNG,*,T,도시와건축,Compound,*,*,도시/NNG/*+와/JC/*+건축/NNG/*
독립영화의이해,,,,NNG,*,F,독립영화의이해,Compound,*,*,독립/NNG/*+영화/NNG/*+의/JKG/*+이해/NNG/*
독성학,,,,NNG,*,T,독성학,*,*,*,*
동물생리학,,,,NNG,*,T,동물생리학,Compound,*,*,동물/NNG/*+생리학/NNG/*
동서양철학과인권의식,,,,NNG,*,T,동서양철학과인권의식,Compound,*,*,동서양/NNG/*+철학/NNG/*+과/JC/*+인권/NNG/*+의식/NNG/*
동양근현대사,,,,NNG,*,F,동양근현대사,Compound,*,*,동양/NNG/*+근현대사/NNG/*
동양사상의이해,,,,NNG,*,F,동양사상의이해,Compound,*,*,동양/NNG/*+사상/NNG/*+의/JKG/*+이해/NNG/*
동양의눈으로본문명교류사,,,,NNG,*,F,동양의눈으로본문명교류사,Compound,*,*,동양/NNG/*+의/JKG/*+눈/NNG/*+으로/JKB/*+본/MM/*+문명/NNG/*+교류/NNG*+사/VV+EC/*
동역학,,,,NNG,*,T,동역학,*,*,*,*
동위원소환경진단기술,,,,NNG,*,T,동위원소환경진단기술,Compound,*,*,동위/NNG/*+원소/NNG/*+환경/NNG/*+진단/NNG/*+기술/NNG/*
드레스디자인실무,,,,NNG,*,F,드레스디자인실무,Compound,*,*,드레스/NNG/*+디자인/NNG/*+실무/NNG/*
드론SW제작,,,,NNG,*,T,드론SW제작,Compound,*,*,드론/NNG/*+SW/SL/*+제작/NNG/*
디자인가공학,,,,NNG,*,T,디자인가공학,Compound,*,*,디자인/NNG.*+가/XSN/*+공학/NNG/*
디자인공학기초드로잉실습,,,,NNG,*,T,디자인공학기초드로잉실습,Compound,*,*,디자인/NNG/*+공학/NNG/*+기초/NNG/*+드로잉/NNG/*+실습/NNG/*
디자인공학드로잉,,,,NNG,*,T,디자인공학드로잉,Compound,*,*,디자인/NNG/*+공학/NNG/*+드로잉/NNG/*
디자인공학드로잉&2D실습,,,,NNG,*,T,디자인공학드로잉&2D실습,Compound,*,*,디자인/NNG/*+공학/NNG/*+드로잉/NNG/*+&/SY/*+2/SN/*+D/SL/*+실습/NNG/*
디자인공학드로잉&2D실습1,,,,NNG,*,T,디자인공학드로잉&2D실습1,Compound,*,*,디자인/NNG/*+공학/NNG/*+드로잉/NNG/*+&/SY/*+2/SN/*+D/SL/*+실습/NNG/*+1/SN/*
디자인공학캡스톤디자인,,,,NNG,*,T,디자인공학캡스톤디자인,Compound,*,*,디자인/NNG/*+공학/NNG/*+캡스톤/NNP/*+디자인/NNG/*
디자인공학캡스톤디자인1,,,,NNG,*,T,디자인공학캡스톤디자인1,Compound,*,*,디자인/NNG/*+공학/NNG/*+캡스톤/NNP/*+디자인/NNG/*+1/SN/*
디자인과생활,,,,NNG,*,T,디자인과생활,Compound,*,*,디자인/NNG/*+과/JC/*+생활/NNG/*
디자인과창업,,,,NNG,*,T,디자인과창업,Compound,*,*,디자인/NNG/*+과/JC/*+창업/NNG/*
디자인과혁신,,,,NNG,*,T,디자인과혁신,Compound,*,*,디자인/NNG/*+과/JC/*+혁신/NNG/*
디자인마케팅과컨설팅,,,,NNG,*,T,디자인마케팅과컨설팅,Compound,*,*,디자인/NNG/*+마케팅/NNG/*+과/JC/*+컨설팅/NNG/*
디자인방법론,,,,NNG,*,T,디자인방법론,Compound,*,*,디자인/NNG/*+방법/NNG/*+론/XSN/*
디자인사,,,,NNG,*,F,디자인사,Compound,*,*,디자인/NNG/*+사/NNG/*
디자인사고,,,,NNG,*,F,디자인사고,Compound,*,*,디자인/NNG/*+사고/NNG/*
디자인소프트웨어실습,,,,NNG,*,T,디자인소프트웨어실습,Compound,*,*,디자인/NNG/*+소프트웨어/NNG/*+실습/NNG/*
디자인싱킹,,,,NNG,*,T,디자인싱킹,Compound,*,*,디자인/NNG/*+싱킹/NNG/*
디자인전공세미나,,,,NNG,*,F,디자인전공세미나,Compound,*,*,디자인/NNG/*+전공/NNG/*+세미나/NNG/*
디자인전공세미나1,,,,NNG,*,T,디자인전공세미나1,Compound,*,*,디자인/NNG/*+전공/NNG/*+세미나/NNG/*+1/SN/*
디자인트렌드,,,,NNG,*,F,디자인트렌드,Compound,*,*,디자인/NNG/*+트렌드/NNG/*
디자인포트폴리오,,,,NNG,*,F,디자인포트폴리오,Compound,*,*,디자인/NNG/*+포트폴리오/NNG/*
디자인혁신,,,,NNG,*,T,디자인혁신,Compound,*,*,디자인/NNG/*+혁신/NNG/*+
디지탈논리설계,,,,NNG,*,F,디지탈논리설계,Compound,*,*,디지탈/NNG/*+논리/NNG/*+설계/NNG/*
디지털광고실습,,,,NNG,*,T,디지털광고실습,Compound,*,*,디지털/NNG/*+광고/NNG/*+실습/NNG/*
디지털뉴스라이팅,,,,NNG,*,T,디지털뉴스라이팅,Compound,*,*,디지털/NNG/*+뉴스/NNG/*+라이팅/NNG/*
디지털모델링,,,,NNG,*,T,디지털모델링,Compound,*,*,디지털/NNG/*+모델링/NNG/*
디지털모델링1,,,,NNG,*,T,디지털모델링1,Compound,*,*,디지털/NNG/*+모델링/NNG/*+1/SN/*
디지털모델링2,,,,NNG,*,T,디지털모델링2,Compound,*,*,디지털/NNG/*+모델링/NNG/*+2/SN/*
디지털미디어콘텐츠기획,,,,NNG,*,T,디지털미디어콘텐츠기획,Compound,*,*,디지털/NNG/*+미디어/NNG/*+콘텐츠/NNG/*+기획/NNG/*
디지털미디어퍼스펙티브,,,,NNG,*,F,디지털미디어퍼스펙티브,Compound,*,*,디지털/NNG/*+미디어/NNG/*+퍼스펙티브/NNG/*
디지털사이니지론,,,,NNG,*,T,디지털사이니지론,Compound,*,*,디지털/NNG/*+사이니지/NNG/*+론/XSN/*
디지털신호처리,,,,NNG,*,F,디지털신호처리,Compound,*,*,디지털/NNG/*+신호/NNG/*+처리/NNG/*
디지털콘텐츠마케팅실습,,,,NNG,*,T,디지털콘텐츠마케팅실습,Compound,*,*,디지털/NNG/*+콘텐츠/NNG/*+마케팅/NNG/*+실습/NNG/*
디지털타이포그라피,,,,NNG,*,F,디지털타이포그라피,Compound,*,*,디지털/NNG/*+타이포그라피/NNG/*
디지털타이포그라피1,,,,NNG,*,T,디지털타이포그라피1,Compound,*,*,디지털/NNG/*+타이포그라피/NNG/*+1/SN/*
디지털페르소나,,,,NNG,*,F,디지털페르소나,Compound,*,*,디지털/NNG/*+페르소나/NNG/*
라틴앙상블,,,,NNG,*,T,라틴앙상블,Compound,*,*,라틴/NNP/*+앙상블/NNG/*
라틴앙상블1,,,,NNG,*,T,라틴앙상블1,Compound,*,*,라틴/NNP/*+앙상블/NNG/*+1/SN/*
랩,,,,NNG,*,T,랩,*,*,*,*
랩1,,,,NNG,*,T,랩1,Compound,*,*,랩/NNG/*+1/NNG/*
레고세트를이용한창의설계,,,,NNG,*,F,레고세트를이용한창의설계,Compound,*,*,레고/NNG/*+세트/NNG/*+를/JKO/*+이용/NNG/*+한/XSA+ETM/*+창의/NNG/*+설계/NNG/*
레이더,,,,NNG,*,F,레이더,*,*,*,*
레이더-소나시스템,,,,NNG,*,T,레이더-소나시스템,Compound,*,*,레이더/NNG/*+-/SY/*+소나/NNG/*+시스템/NNG/*
레이저및광통신실험,,,,NNG,*,T,레이저및광통신실험,Compound,*,*,레이저/NNG/*+및/MAJ/*+광통신/NNG/*+실험/NNG/*
로봇공학과연구실심화실습,,,,NNG,*,T,로봇공학과연구실심화실습,Compound,*,*,로봇/NNG/*+공학/NNG/*+과/JC/*+연구실/NNG/*+심화/NNG/*+실습/NNG/*
로봇공학과연구실심화실습1,,,,NNG,*,T,로봇공학과연구실심화실습1,Compound,*,*,로봇/NNG/*+공학/NNG/*+과/JC/*+연구실/NNG/*+심화/NNG/*+실습/NNG/*+1/SN/*
로봇공학과연구실심화실습3,,,,NNG,*,T,로봇공학과연구실심화실습3,Compound,*,*,로봇/NNG/*+공학/NNG/*+과/JC/*+연구실/NNG/*+심화/NNG/*+실습/NNG/*+3/SN/*
로봇공학입문,,,,NNG,*,T,로봇공학입문,Compound,*,*,로봇/NNG/*+공학/NNG/*+입문/NNG/*
로봇공학입문설계,,,,NNG,*,F,로봇공학입문설계,Compound,*,*,로봇/NNG/*+공학/NNG/*+입문/NNG/*+설계/NNG/*
로봇과드론의이해,,,,NNG,*,F,로봇과드론의이해,Compound,*,*,로봇/NNG/*+과/JC/*+드론/NNG/*+의/JKG/*+이해.NNG/*
로봇융합공학개론,,,,NNG,*,T,로봇융합공학개론,Compound,*,*,로봇/NNG/*+융합/NNG/*+공학/NNG/*+개론/NNG/*
로봇융합공학설계,,,,NNG,*,F,로봇융합공학설계,Compound,*,*,로봇/NNG/*+융합/NNG/*+공학/NNG/*+설계/NNG/*
로봇캡스톤디자인,,,,NNG,*,T,로봇캡스톤디자인,Compound,*,*,로봇/NNG/*+캡스톤/NNP/*+디자인/NNG/*
로봇캡스톤디자인2,,,,NNG,*,T,로봇캡스톤디자인2,Compound,*,*,로봇/NNG/*+캡스톤/NNP/*+디자인/NNG/*+2/SN/*
로지스틱스관리,,,,NNG,*,F,로지스틱스관리,Compound,*,*,로지스틱스/NNG/*+관리/NNG/*
리빙랩이론과실제,,,,NNG,*,F,리빙랩이론과실제,Compound,*,*,리빙/NNG/*+랩/NNG/*+이론/NNG/*+과/JC/*+실제/NNG/*
리빙서피스디자인,,,,NNG,*,T,리빙서피스디자인,Compound,*,*,리빙/NNG/*+서피스/NNG/*+디자인/NNG/*
리빙웨어디자인,,,,NNG,*,T,리빙웨어디자인,Compound,*,*,리빙/NNG/*+웨어/NNG/*+디자인/NNG/*
리빙웨어디자인1,,,,NNG,*,T,리빙웨어디자인1,Compound,*,*,리빙/NNG/*+웨어/NNG/*+디자인/NNG/*+1/SN/*
리빙웨어프로덕트디자인,,,,NNG,*,T,리빙웨어프로덕트디자인,Compound,*,*,리빙/NNG/*+웨어/NNG/*+프로덕트/NNG/*+디자인/NNG/*
린스타트업프로세스,,,,NNG,*,F,린스타트업프로세스,Compound,*,*,린스타트업/NNG/*+프로세스/NNG/*
마이크로프로세서응용,,,,NNG,*,T,마이크로프로세서응용,Compound,*,*,마이크로/NNG/*+프로세서/NNG/*+응용/NNG/*
마케팅관리,,,,NNG,*,F,마케팅관리,Compound,*,*,마케팅/NNG/*+관리/NNG/*
마케팅조사론,,,,NNG,*,T,마케팅조사론,Compound,*,*,마케팅/NNG/*+조사/NNG/*+론/XSN/*
만화기획개발,,,,NNG,*,T,만화기획개발,Compound,*,*,만화/NNG/*+기획/NNG/*+개발/NNG/*
말과문화,,,,NNG,*,F,말과문화,Compound,*,*,말/NNG/*+과/JC/*+문화/NNG/*
매체기획,,,,NNG,*,T,매체기획,Compound,*,*,매체/NNG/*+기획/NNG/*
머신러닝,,,,NNG,*,T,머신러닝,Compound,*,*,머신/NNG/*+러닝/NNG/*
메탈악세서리디자인,,,,NNG,*,T,메탈악세서리디자인,Compound,*,*,메탈/NNG/*+악세서리/NNG/*+디자인/NNG/*
명사들의고전읽기,,,,NNG,*,F,명사들의고전읽기,Compound,*,*,명사/NNG/*+들/XSN/*+의/JKG/*+고전/NNG/*+읽/VV/*+기/ETM/*
모바일게임프로그래밍,,,,NNG,*,T,모바일게임프로그래밍,Compound,*,*,모바일/NNG/*+게임/NNG/*+프로그래밍/NNG/*
모바일컴퓨팅,,,,NNG,*,T,모바일컴퓨팅,Compound,*,*,모바일/NNG/*+컴퓨팅/NNG/*
모바일프로그래밍입문,,,,NNG,*,T,모바일프로그래밍입문,Compound,*,*,모바일/NNG/*+프로그래밍/NNG/*+입문/NNG/*
무기화학,,,,NNG,*,T,무기화학,Compound,*,*,무기/NNG/*+화학/NNG/*
무기화학2,,,,NNG,*,T,무기화학2,Compound,*,*,무기/NNG/*+화학/NNG/*+2/SN/*
무기화학실험,,,,NNG,*,T,무기화학실험,Compound,*,*,무기/NNG/*+화학/NNG/*+실험/NNG/*
무기화학실험2,,,,NNG,*,T,무기화학실험2,Compound,*,*,무기/NNG/*+화학/NNG/*+실험/NNG/*+2/SN/*
무기화학입문,,,,NNG,*,T,무기화학입문,Compound,*,*,무기/NNG/*+화학/NNG/*+입문/NNG/*
무대공간분석과디자인,,,,NNG,*,T,무대공간분석과디자인,Compound,*,*,무대/NNG/*+공간/NNG/*+분석/NNG/*+과/JC/*+디자인/NNG/*
무대론,,,,NNG,*,T,무대론,Compound,*,*,무대/NNG/*+론/XSN/*
무역업창업과마케팅,,,,NNG,*,T,무역업창업과마케팅,Compound,*,*,무역업/NNG/*+창업/NNG/*+과/JC/*+마케팅/NNG/*
무용교수학습방법,,,,NNG,*,T,무용교수학습방법,Compound,*,*,무용/NNG/*+교수/NNG/*+학습/NNG/*+방법/NNG/*
무용구성법,,,,NNG,*,T,무용구성법,Compound,*,*,무용/NNG/*+구성/NNG/*+법/NNG/*
무용미학,,,,NNG,*,T,무용미학,Compound,*,*,무용/NNG/*+미학/NNG/*
무용전공실기,,,,NNG,*,F,무용전공실기,Compound,*,*,무용/NNG/*+전공/NNG/*+실기/NNG/*
무용전공실기1,,,,NNG,*,T,무용전공실기1,Compound,*,*,무용/NNG/*+전공/NNG/*+실기/NNG/*+1/SN/*
무용전공실기3,,,,NNG,*,T,무용전공실기3,Compound,*,*,무용/NNG/*+전공/NNG/*+실기/NNG/*+3/SN/*
무용전공실기5,,,,NNG,*,T,무용전공실기5,Compound,*,*,무용/NNG/*+전공/NNG/*+실기/NNG/*+5/SN/*
무용전공실기7,,,,NNG,*,T,무용전공실기7,Compound,*,*,무용/NNG/*+전공/NNG/*+실기/NNG/*+7/SN/*
무용전공실기워크샵,,,,NNG,*,T,무용전공실기워크샵,Compound,*,*,무용/NNG/*+전공/NNG/*+실기/NNG/*+워크샵/NNG/*
무용전공실기워크샵1,,,,NNG,*,T,무용전공실기워크샵1,Compound,*,*,무용/NNG/*+전공/NNG/*+실기/NNG/*+워크샵/NNG/*+1/SN/*
무용전공실기워크샵3,,,,NNG,*,T,무용전공실기워크샵3,Compound,*,*,무용/NNG/*+전공/NNG/*+실기/NNG/*+워크샵/NNG/*+3/SN/*
무용전공실기워크샵5,,,,NNG,*,T,무용전공실기워크샵5,Compound,*,*,무용/NNG/*+전공/NNG/*+실기/NNG/*+워크샵/NNG/*+5/SN/*
무용전공실기워크샵7,,,,NNG,*,T,무용전공실기워크샵7,Compound,*,*,무용/NNG/*+전공/NNG/*+실기/NNG/*+워크샵/NNG/*+7/SN/*
무용해부생리학,,,,NNG,*,T,무용해부생리학,Compound,*,*,무용/NNG/*+해부/NNG/*+생리학/NNG/*
문명과건설환경,,,,NNG,*,T,문명과건설환경,Compound,*,*,문명/NNG/*+과/JC/*+건설/NNG/*+환경/NNG/*
문예비평론,,,,NNG,*,T,문예비평론,Compound,*,*,문예/NNG/*+비평/NNG/*+론/XSN/*
문화기술과사회변동,,,,NNG,*,T,문화기술과사회변동,Compound,*,*,문화/NNG/*+기술/NNG/*+과/JC/*+사회/NNG/*+변동/NNG/*
문화사회학,,,,NNG,*,T,문화사회학,Compound,*,*,문화/NNG/*+사회학/NNG/*
문화와디자인,,,,NNG,*,T,문화와디자인,Compound,*,*,문화/NNG/*+와/JC/*+디자인/NNG/*
문화이벤트와축제,,,,NNG,*,F,문화이벤트와축제,Compound,*,*,문화/NNG/*+이벤트/NNG/*+와/JC/*+축제/NNG/*
문화인류학과캡스톤디자인,,,,NNG,*,T,문화인류학과캡스톤디자인,Compound,*,*,문화/NNG/*+인류학/NNG/*+과/JC/*+캡스톤/NNP/*+디자인/NNG/*
문화인류학과캡스톤디자인1,,,,NNG,*,T,문화인류학과캡스톤디자인1,Compound,*,*,문화/NNG/*+인류학/NNG/*+과/JC/*+캡스톤/NNP/*+디자인/NNG/*+1/SN/*
문화재관리학개론및실습,,,,NNG,*,T,문화재관리학개론및실습,Compound,*,*,문화재/NNG/*+관리학/NNG/*+개론/NNG/*+및/MAJ/*+실습/NNG/*
문화콘텐츠디자인의이해,,,,NNG,*,F,문화콘텐츠디자인의이해,Compound,*,*,문화/NNG/*+콘텐츠/NNG/*+디자인/NNG/*+의/JKG/*+이해/NNG/*
문화콘텐츠로읽는페미니즘,,,,NNG,*,T,문화콘텐츠로읽는페미니즘,Compound,*,*,문화/NNG/*+콘텐츠/NNG/*+로/JKB/*+읽/VV/*+는/ETM/*+페미니즘/NNG/*
문화콘텐츠마케팅,,,,NNG,*,T,문화콘텐츠마케팅,Compound,*,*,문화/NNG/*+콘텐츠/NNG/*+마케팅/NNG/*
문화콘텐츠스토리텔링개론,,,,NNG,*,T,문화콘텐츠스토리텔링개론,Compound,*,*,문화/NNG/*+콘텐츠/NNG/*+스토리/NNG/*+텔링/NNG/*+개론/NNG/*
문화콘텐츠스토리텔링전략,,,,NNG,*,T,문화콘텐츠스토리텔링전략,Compound,*,*,문화/NNG/*+콘텐츠/NNG/*+스토리/NNG/*+텔링/NNG/*+전략/NNG/*
문화콘텐츠와미디어,,,,NNG,*,F,문화콘텐츠와미디어,Compound,*,*,문화/NNG/*+콘텐츠/NNG/*+와/JC/*+미디어/NNG/*
문화콘텐츠의기초,,,,NNG,*,F,문화콘텐츠의기초,Compound,*,*,문화/NNG/*+콘텐츠/NNG/*+의/JKG/*+기초/NNG/*
문화콘텐츠필드프로젝트,,,,NNG,*,F,문화콘텐츠필드프로젝트,Compound,*,*,문화/NNG/*+콘텐츠/NNG/*+필드/NNG/*+프로젝트/NNG/*
문화콘텐츠학과캡스톤디자인,,,,NNG,*,T,문화콘텐츠학과캡스톤디자인,Compound,*,*,문화/NNG/*+콘텐츠/NNG/*+학과/NNG/*+캡스톤/NNP/*+디자인/NNG/*
문화콘텐츠학과캡스톤디자인1,,,,NNG,*,T,문화콘텐츠학과캡스톤디자인1,Compound,*,*,문화/NNG/*+콘텐츠/NNG/*+학과/NNG/*+캡스톤/NNP/*+디자인/NNG/*+1/SN/*
문화행정론,,,,NNG,*,T,문화행정론,Compound,*,*,문화/NNG/*+행정/NNG/*+론/XSN/*
문화행정론:문화예술로행복한나라만들기,,,,NNG,*,F,문화행정론:문화예술로행복한나라만들기,Compound,*,*,문화/NNG/*+행정/NNG/*+론/XSN/*+:/SC/*+문화/NNG/*+예술/NNG/*+로/JKB/*+행복/NNG/*+한/XSA+ETM/*+나라/NNG/*+만들/VV/*+기/ETN/*
물류경영,,,,NNG,*,T,물류경영,Compound,*,*,물류/NNG/*+경영/NNG/*
물류시스템과SCM,,,,NNG,*,T,물류시스템과SCM,Compound,*,*,물류/NNG/*+시스템/NNG/*+과/JC/*+SCM/SL/*
물리공작실험,,,,NNG,*,T,물리공작실험,Compound,*,*,물리/NNG/*+공작/NNG/*+실험/NNG/*
물리약학(Ⅰ),,,,NNG,*,T,물리약학(Ⅰ),Compound,*,*,물리/NNG/*+약학/NNG/*+(/SSO/*+Ⅰ/SN/*+)/SSC/*
물리학특강,,,,NNG,*,T,물리학특강,Compound,*,*,물리학/NNG/*+특강/NNG/*
물리학특강3,,,,NNG,*,T,물리학특강3,Compound,*,*,물리학/NNG/*+특강/NNG/*+3/SN/*
물리해양학,,,,NNG,*,T,물리해양학,Compound,*,*,물리/NNG/*+해양학/NNG/*
물리화학,,,,NNG,*,T,물리화학,Compound,*,*,물리/NNG/*+화학/NNG/*
물리화학실험,,,,NNG,*,T,물리화학실험,Compound,*,*,물리/NNG/*+화학/NNG/*+실험/NNG/*
뮤지컬의세계,,,,NNG,*,F,뮤지컬의세계,Compound,*,*,뮤지컬/NNG/*+의/JKG/*+세계/NNG/*
뮤지컬프로젝트,,,,NNG,*,F,뮤지컬프로젝트,Compound,*,*,뮤지컬/NNG/*+프로젝트/NNG/*
뮤지컬프로젝트1,,,,NNG,*,T,뮤지컬프로젝트1,Compound,*,*,뮤지컬/NNG/*+프로젝트/NNG/* +1/SN/*
뮤직비지니스,,,,NNG,*,F,뮤직비지니스,Compound,*,*,뮤직/NNG/*+비지니스/NNG/*
뮤직비지니스1,,,,NNG,*,T,뮤직비지니스1,Compound,*,*,뮤직/NNG/*+비지니스/NNG/* +1/SN/*
뮤직테크놀로지,,,,NNG,*,F,뮤직테크놀로지,Compound,*,*,뮤직/NNG/*+테크놀로지/NNG/*
미국대중문화읽기,,,,NNG,*,F,미국대중문화읽기,Compound,*,*,미국/NNP/*+대중/NNG/*+문화/NNG/*+읽/VV/*+기/ETN/*
미국사회와소설,,,,NNG,*,T,미국사회와소설,Compound,*,*,미국/NNP/*+사회/NNG/*+와/JC/*+소설/NNG/*
미디어와스포츠,,,,NNG,*,F,미디어와스포츠,Compound,*,*,미디어/NNG/*+와/JC/*+스포츠/NNG/*
미디어인포그래픽스,,,,NNG,*,F,미디어인포그래픽스,Compound,*,*,미디어/NNG/*+인포/NNG/*+그래픽스/NNG/*
미디어정책과규제,,,,NNG,*,F,미디어정책과규제,Compound,*,*,미디어/NNG/*+정책/NNG/*+과/JC/*+규제/NNG/*
미디어제작실습,,,,NNG,*,T,미디어제작실습,Compound,*,*,미디어/NNG/*+제작/NNG/*+실습/NNG/*
미디어제작실습1,,,,NNG,*,T,미디어제작실습1,Compound,*,*,미디어/NNG/*+제작/NNG/*+실습/NNG/*+1/SN/*
미디어캡스톤디자인,,,,NNG,*,T,미디어캡스톤디자인,Compound,*,*,미디어/NNG/*+캡스톤/NNP/*+디자인/NNG/*
미디어캡스톤디자인1,,,,NNG,*,T,미디어캡스톤디자인1,Compound,*,*,미디어/NNG/*+캡스톤/NNP/*+디자인/NNG/*+1/SN/*
미디어콘텐츠기획론,,,,NNG,*,T,미디어콘텐츠기획론,Compound,*,*,미디어/NNG/*+콘텐츠/NNG/*+기획/NNG/*+론/XSN/*
미래소비사회와상품,,,,NNG,*,T,미래소비사회와상품,Compound,*,*,미래/NNG/*+소비/NNG/*+사회/NNG/*+와/JC/*+상품/NNG/*
미분방정식,,,,NNG,*,T,미분방정식,Compound,*,*,미분/NNG/*+방정식/NNG/*
미분수학,,,,NNG,*,T,미분수학,Compound,*,*,미분/NNG/*+수학/NNG/*
미분적분학,,,,NNG,*,T,미분적분학,Compound,*,*,미분/NNG/*+적분학/NNG/*
미분적분학1,,,,NNG,*,T,미분적분학1,Compound,*,*,미분/NNG/*+적분학/NNG/*+1/SN/*
미세조직실험,,,,NNG,*,T,미세조직실험,Compound,*,*,미세/NNG/*+조직/NNG/*+실험/NNG/*
미술로시대읽기,,,,NNG,*,F,미술로시대읽기,Compound,*,*,미술/NNG/*+로/JKB/*+시대/NNG/*+읽/VV/*+기/ETN/*
미시경제학,,,,NNG,*,T,미시경제학,Compound,*,*,미시/NNG/*+경제학/NNG/*
미시경제학1,,,,NNG,*,T,미시경제학1,Compound,*,*,미시/NNG/*+경제학/NNG/*+1/SN/*
미학입문,,,,NNG,*,T,미학입문,Compound,*,*,미학/NNG/*+입문/NNG/*
바이오기기공학,,,,NNG,*,T,바이오기기공학,Compound,*,*,바이오/NNG/*+기기/NNG/*+공학/NNG/*
반도체소자,,,,NNG,*,F,반도체소자,Compound,*,*,반도체/NNG/*+소자/NNG/*
반도체융복합응용,,,,NNG,*,T,반도체융복합응용,Compound,*,*,반도체/NNG/*+융복합/NNG/*+응용/NNG/*
반응공학,,,,NNG,*,T,반응공학,Compound,*,*,반응/NNG/*+공학/NNG/*
발레실기,,,,NNG,*,F,발레실기,Compound,*,*,발레/NNG/*+실기/NNG/*
방송원고구성법,,,,NNG,*,T,방송원고구성법,Compound,*,*,방송/NNG/*+원고/NNG/*+구성/NNG/*+법/NNG/*
방송콘텐츠기획과비즈니스,,,,NNG,*,F,방송콘텐츠기획과비즈니스,Compound,*,*,방송/NNG/*+콘텐츠/NNG/*+기획/NNG/*+과/JC/*+비즈니스/NNG/*
번역연습,,,,NNG,*,T,번역연습,Compound,*,*,번역/NNG/*+연습/NNG/*
법의이해,,,,NNG,*,F,법의이해,Compound,*,*,법/NNG/*+의/JKG/*+이해/NNG/*
법인세법,,,,NNG,*,T,법인세법,Compound,*,*,법인세/NNG/*+법/NNG/*
법인세법2,,,,NNG,*,T,법인세법2,Compound,*,*,법인세/NNG/*+법/NNG/*+2/SN/*
법학개론,,,,NNG,*,T,법학개론,Compound,*,*,법학/NNG/*+개론/NNG/*
베이직비주얼미디어,,,,NNG,*,F,베이직비주얼미디어,Compound,*,*,베이직/NNG/*+비주얼/NNG/*+미디어/NNG/*
병원실무실습,,,,NNG,*,T,병원실무실습,Compound,*,*,병원/NNG/*+실무/NNG/*+실습/NNG/*
병원실무실습1,,,,NNG,*,T,병원실무실습1,Compound,*,*,병원/NNG/*+실무/NNG/*+실습/NNG/*+1/SN/*
병원실무실습2,,,,NNG,*,T,병원실무실습2,Compound,*,*,병원/NNG/*+실무/NNG/*+실습/NNG/*+2/SN/*
보건사회약학,,,,NNG,*,T,보건사회약학,Compound,*,*,보건/NNG/*+사회/NNG/*+약학/NNG/*
보이스앙상블,,,,NNG,*,T,보이스앙상블,Compound,*,*,보이스/NNG/*+앙상블/NNG/*
보컬앙상블,,,,NNG,*,T,보컬앙상블,Compound,*,*,보컬/NNG/*+앙상블/NNG/*
보컬앙상블1,,,,NNG,*,T,보컬앙상블1,Compound,*,*,보컬/NNG/*+앙상블/NNG/*+1/SN/*
보험계리모델링,,,,NNG,*,T,보험계리모델링,Compound,*,*,보험/NNG/*+계리/NNG/*+모델링/NNG/*
보험계리모델링2,,,,NNG,*,T,보험계리모델링2,Compound,*,*,보험/NNG/*+계리/NNG/*+모델링/NNG/*+2/SN/*
보험법,,,,NNG,*,T,보험법,Compound,*,*,보험/NNG/*+법/NNG/*
보험수리학,,,,NNG,*,T,보험수리학,Compound,*,*,보험/NNG/*+수리학/NNG/*
보험수리학1,,,,NNG,*,T,보험수리학1,Compound,*,*,보험/NNG/*+수리학/NNG/*+1/SN/*
보험수리학연구,,,,NNG,*,F,보험수리학연구,Compound,*,*,보험/NNG/*+수리학/NNG/*+연구/NNG/*
보험전략경영,,,,NNG,*,T,보험전략경영,Compound,*,*,보험/NNG/*+전략/NNG/*+경영/NNG/*
보험학원론,,,,NNG,*,T,보험학원론,Compound,*,*,보험/NNG/*+학원/NNG/*+론/XSN/*
복소함수론,,,,NNG,*,T,복소함수론,Compound,*,*,복소/NNG/*+함수/NNG/*+론/XSN/*
부가가치세법,,,,NNG,*,T,부가가치세법,Compound,*,*,부가/NNG/*+가치/NNG/*+세/NNG/*+법/NNG/*
북한문화론,,,,NNG,*,T,북한문화론,Compound,*,*,북한/NNP/*+문화/NNG/*+론/XSN/*
분석화학실험,,,,NNG,*,T,분석화학실험,Compound,*,*,분석/NNG/*+화학/NNG/*+실험/NNG/*
분자반응공학,,,,NNG,*,T,분자반응공학,Compound,*,*,분자/NNG/*+반응/NNG/*+공학/NNG/*
분자생명과학캡스톤디자인,,,,NNG,*,T,분자생명과학캡스톤디자인,Compound,*,*,분자/NNG/*+생명/NNG/*+과학/NNG/*+캡스톤/NNP/*+디자인/NNG/*
분자생명과학캡스톤디자인2,,,,NNG,*,T,분자생명과학캡스톤디자인2,Compound,*,*,분자/NNG/*+생명/NNG/*+과학/NNG/*+캡스톤/NNP/*+디자인/NNG/*+2/SN/*
분자생물기술론,,,,NNG,*,T,분자생물기술론,Compound,*,*,분자/NNG/*+생물/NNG/*+기술/NNG/*+론/XSN/*
분자생물학,,,,NNG,*,T,분자생물학,Compound,*,*,분자/NNG/*+생물학/NNG/*
분자세포생물학,,,,NNG,*,T,분자세포생물학,Compound,*,*,분자/NNG/*+세포/NNG/*+생물학/NNG/*
불규칙변수론,,,,NNG,*,T,불규칙변수론,Compound,*,*,불/XPN/*+규칙/NNG/*+변수/NNG/*+론/XSN/*
불확실한세상과통계학,,,,NNG,*,T,불확실한세상과통계학,Compound,*,*,불/XPN/*+확실/XR/*+한/XSA+ETM/*+세상/NNG/*+과/JC/*+통계학/NNG/*
브랜드디자인과로컬브랜드,,,,NNG,*,F,브랜드디자인과로컬브랜드,Compound,*,*,브랜드/NNG/*+디자인/NNG/*+과/JC/*+로컬/NNG/*+브랜드/NNG/*
브랜드캠페인,,,,NNG,*,T,브랜드캠페인,Compound,*,*,브랜드/NNG/*+캠페인/NNG/*
브랜드커뮤니케이션,,,,NNG,*,T,브랜드커뮤니케이션,Compound,*,*,브랜드/NNG/*+커뮤니케이션/NNG/*
브랜드패키지디자인스튜디오,,,,NNG,*,F,브랜드패키지디자인스튜디오,Compound,*,*,브랜드/NNG/*+패키지/NNG/*+디자인/NNG/*+스튜디오/NNG/*
브랜드패키지디자인스튜디오1,,,,NNG,*,T,브랜드패키지디자인스튜디오1,Compound,*,*,브랜드/NNG/*+패키지/NNG/*+디자인/NNG/*+스튜디오/NNG/*+1/SN/*
블록체인,,,,NNG,*,T,블록체인,*,*,*,*
블록체인:혁명의시작,,,,NNG,*,T,블록체인:혁명의시작,Compound,*,*,블록체인/NNG/*+:/SC/*+혁명/NNG/*+의/JKG/*+시작/NNG/*
비주얼머천다이징,,,,NNG,*,T,비주얼머천다이징,Compound,*,*,비주얼/NNG/*+머천다이징/NNG/*
비주얼스토리텔링,,,,NNG,*,T,비주얼스토리텔링,Compound,*,*,비주얼/NNG/*+스토리/NNG/*+텔링/NNG/*
비즈니스UI/UX,,,,NNG,*,T,비즈니스UI/UX,Compound,*,*,비즈니스/NNG/*+UI/NNP/*+//SC/*+UX/NNP/*
빅데이터애널리틱스,,,,NNG,*,F,빅데이터애널리틱스,Compound,*,*,빅데이터/NNG/*+애널리틱스/NNG/*
빅데이터의기초,,,,NNG,*,F,빅데이터의기초,Compound,*,*,빅데이터/NNG/*+의/JKG/*+기초/NNG/*
빅데이터이해와분석,,,,NNG,*,T,빅데이터이해와분석,Compound,*,*,빅데이터/NNG/*+이해/NNG/*+와/JC/*+분석/NNG/*
빅밴드앙상블,,,,NNG,*,T,빅밴드앙상블,Compound,*,*,빅/NNG/*+밴드/NNG/*+앙상블/NNG/*
빅밴드앙상블1,,,,NNG,*,T,빅밴드앙상블1,Compound,*,*,빅/NNG/*+밴드/NNG/*+앙상블/NNG/*+1/SN/*
사랑의역사:사랑에관한철학적성찰,,,,NNG,*,T,사랑의역사:사랑에관한철학적성찰,Compound,*,*,사랑/NNG/*+의/JKG/*+역사/NNG/*+:/SC/*+사랑/NNG/*+에/JKB/*+관한/VV+ETM/*+철학/NNG/*+적/XSN/*+성찰/NNG/*
사용성공학,,,,NNG,*,T,사용성공학,Compound,*,*,사용/NNG/*+성공학/NNG/*
사이버물리시스템,,,,NNG,*,T,사이버물리시스템,Compound,*,*,사이버/NNG/*+물리/NNG/*+시스템/NNG/*
사이버커뮤니케이션,,,,NNG,*,T,사이버커뮤니케이션,Compound,*,*,사이버/NNG/*+커뮤니케이션/NNG/*
사이버토익,,,,NNG,*,T,사이버토익,Compound,*,*,사이버/NNG/*+토익/NNG/*
사회계층론,,,,NNG,*,T,사회계층론,Compound,*,*,사회/NNG/*+계층/NNG/*+론/XSN/*
사회마케팅,,,,NNG,*,T,사회마케팅,Compound,*,*,사회/NNG/*+마케팅/NNG/*
사회발전론,,,,NNG,*,T,사회발전론,Compound,*,*,사회/NNG/*+발전/NNG/*+론/XSN/*
사회복지론,,,,NNG,*,T,사회복지론,Compound,*,*,사회/NNG/*+복지/NNG/*+론/XSN/*
사회복지상담의이론과실제,,,,NNG,*,F,사회복지상담의이론과실제,Compound,*,*,사회/NNG/*+복지/NNG/*+상담/NNG/*+의/JKG/*+이론/NNG/*+과/JC/*+실제/NNG/*
사회봉사,,,,NNG,*,F,사회봉사,Compound,*,*,사회/NNG/*+봉사/NNG/*
사회적기업경영론,,,,NNG,*,T,사회적기업경영론,Compound,*,*,사회/NNG/*+적/XSN/*+기업/NNG/*+경영/NNG/*+론/XSN/*
사회조사방법,,,,NNG,*,T,사회조사방법,Compound,*,*,사회/NNG/*+조사/NNG/*+방법/NNG/*
사회통계,,,,NNG,*,F,사회통계,Compound,*,*,사회/NNG/*+통계/NNG/*
사회학으로의초대,,,,NNG,*,F,사회학으로의초대,Compound,*,*,사회학/NNG/*+으로/JKB/*+의/JKG/*+초대/NNG/*
산업경영공학개론,,,,NNG,*,T,산업경영공학개론,Compound,*,*,산업/NNG/*+경영/NNG/*+공학/NNG/*+개론/NNG/*
산업경영공학과연구실심화실습,,,,NNG,*,T,산업경영공학과연구실심화실습,Compound,*,*,산업/NNG/*+경영/NNG/*+공학/NNG/*+과/JC/*+연구실/NNG/*+심화/NNG/*+실습/NNG/*
산업경영공학과연구실심화실습1,,,,NNG,*,T,산업경영공학과연구실심화실습1,Compound,*,*,산업/NNG/*+경영/NNG/*+공학/NNG/*+과/JC/*+연구실/NNG/*+심화/NNG/*+실습/NNG/*+1/SN/*
산업경영공학과연구실심화실습3,,,,NNG,*,T,산업경영공학과연구실심화실습3,Compound,*,*,산업/NNG/*+경영/NNG/*+공학/NNG/*+과/JC/*+연구실/NNG/*+심화/NNG/*+실습/NNG/*+3/SN/*
산업경영공학캡스톤디자인,,,,NNG,*,T,산업경영공학캡스톤디자인,Compound,*,*,산업/NNG/*+경영/NNG/*+공학/NNG/*+캡스톤/NNP/*+디자인/NNG/*
산업경영공학캡스톤디자인2,,,,NNG,*,T,산업경영공학캡스톤디자인2,Compound,*,*,산업/NNG/*+경영/NNG/*+공학/NNG/*+캡스톤/NNP/*+디자인/NNG/*+2/SN/*
산업조직론,,,,NNG,*,T,산업조직론,Compound,*,*,산업/NNG/*+조직/NNG/*+론/XSN/*
산학및융합캡스톤디자인,,,,NNG,*,T,산학및융합캡스톤디자인,Compound,*,*,산학/NNG/*+및/MAJ/*+융합/NNG/*+캡스톤/NNP/*+디자인/NNG/*
산학및융합캡스톤디자인2,,,,NNG,*,T,산학및융합캡스톤디자인2,Compound,*,*,산학/NNG/*+및/MAJ/*+융합/NNG/*+캡스톤/NNP/*+디자인/NNG/*+2/SN/*
상변화와미세조직,,,,NNG,*,T,상변화와미세조직,Compound,*,*,상변화/NNG/*+와/JC/*+미세/NNG/*+조직/NNG/*
상상과창조,,,,NNG,*,F,상상과창조,Compound,*,*,상상/NNG/*+과/JC/*+창조/NNG/*
색채심리와현대생활,,,,NNG,*,T,색채심리와현대생활,Compound,*,*,색채/NNG/*+심리/NNG/*+와/JC/*+현대/NNG/*+생활/NNG/*
색채학,,,,NNG,*,T,색채학,*,*,*,*
생명공업수학,,,,NNG,*,T,생명공업수학,Compound,*,*,생명/NNG/*+공업/NNG/*+수학/NNG/*
생명공업수학1,,,,NNG,*,T,생명공업수학1,Compound,*,*,생명/NNG/*+공업/NNG/*+수학/NNG/*+1/SN/*
생명공학개론,,,,NNG,*,T,생명공학개론,Compound,*,*,생명/NNG/*+공학/NNG/*+개론/NNG/*
생명나노공학과연구실심화실습,,,,NNG,*,T,생명나노공학과연구실심화실습,Compound,*,*,생명/NNG/*+나노/NNG/*+공학/NNG/*+과/JC/*+연구실/NNG/*+심화/NNG/*+실습/NNG/*
생명나노공학과연구실심화실습1,,,,NNG,*,T,생명나노공학과연구실심화실습1,Compound,*,*,생명/NNG/*+나노/NNG/*+공학/NNG/*+과/JC/*+연구실/NNG/*+심화/NNG/*+실습/NNG/*+1/SN/*
생명나노공학과연구실심화실습3,,,,NNG,*,T,생명나노공학과연구실심화실습3,Compound,*,*,생명/NNG/*+나노/NNG/*+공학/NNG/*+과/JC/*+연구실/NNG/*+심화/NNG/*+실습/NNG/*+3/SN/*
생명나노공학실험,,,,NNG,*,T,생명나노공학실험,Compound,*,*,생명/NNG/*+나노/NNG/*+공학/NNG/*+실험/NNG/*
생명나노공학실험2,,,,NNG,*,T,생명나노공학실험2,Compound,*,*,생명/NNG/*+나노/NNG/*+공학/NNG/*+실험/NNG/*+2/SN/*
생명나노공학특론,,,,NNG,*,T,생명나노공학특론,Compound,*,*,생명/NNG/*+나노/NNG/*+공학/NNG/*+특/NNG/*+론/XSN/*
생명나노공학특론1,,,,NNG,*,T,생명나노공학특론1,Compound,*,*,생명/NNG/*+나노/NNG/*+공학/NNG/*+특/NNG/*+론/XSN/*+1/SN/*
생명나노캡스톤디자인,,,,NNG,*,T,생명나노캡스톤디자인,Compound,*,*,생명/NNG/*+나노/NNG/*+캡스톤/NNP/*+디자인/NNG/*
생명나노캡스톤디자인2,,,,NNG,*,T,생명나노캡스톤디자인2,Compound,*,*,생명/NNG/*+나노/NNG/*+캡스톤/NNP/*+디자인/NNG/*+2/SN/*
생명분석화학,,,,NNG,*,T,생명분석화학,Compound,*,*,생명/NNG/*+분석/NNG/*+화학/NNG/*
생명분석화학1,,,,NNG,*,T,생명분석화학1,Compound,*,*,생명/NNG/*+분석/NNG/*+화학/NNG/*+1/SN/*
생명유기화학,,,,NNG,*,T,생명유기화학,Compound,*,*,생명/NNG/*+유기/NNG/*+화학/NNG/*
생명유기화학1,,,,NNG,*,T,생명유기화학1,Compound,*,*,생명/NNG/*+유기/NNG/*+화학/NNG/*+1/SN/*
생물리화학,,,,NNG,*,T,생물리화학,Compound,*,*,생/XPN/*+물리/NNG/*+화학/NNG/*
생물산업실무특론,,,,NNG,*,T,생물산업실무특론,Compound,*,*,생물/NNG/*+산업/NNG/*+실무/NNG/*+특/NNG/*+론/XSN/*
생물해양학및실험,,,,NNG,*,T,생물해양학및실험,Compound,*,*,생물/NNG/*+해양학/NNG/*+및/MAJ/*+실험/NNG/*
생산경영,,,,NNG,*,T,생산경영,Compound,*,*,생산/NNG/*+경영/NNG/*
생약학,,,,NNG,*,T,생약학,*,*,*,*
생유기화학,,,,NNG,*,T,생유기화학,Compound,*,*,생유기/NNG/*+화학/NNG/*
생화학,,,,NNG,*,T,생화학,*,*,*,*
생화학1,,,,NNG,*,T,생화학1,Compound,*,*,생화학/NNG/*+1/SN/*
생화학실험,,,,NNG,*,T,생화학실험,Compound,*,*,생화학/NNG/*+실험/NNG/*
생활무용,,,,NNG,*,T,생활무용,Compound,*,*,생활/NNG/*+무용/NNG/*
생활속의물리학,,,,NNG,*,T,생활속의물리학,Compound,*,*,생활/NNG/*+속/NNG/*+의/JKG/*+물리학/NNG/*
생활속의인권,,,,NNG,*,T,생활속의인권,Compound,*,*,생활/NNG/*+속/NNG/*+의/JKG/*+인권/NNG/*
생활속의화학,,,,NNG,*,T,생활속의화학,Compound,*,*,생활/NNG/*+속/NNG/*+의/JKG/*+화학/NNG/*
생활지도및상담,,,,NNG,*,T,생활지도및상담,Compound,*,*,생활/NNG/*+지도/NNG/*+및/MAJ/*+상담/NNG/*
서양근현대사,,,,NNG,*,F,서양근현대사,Compound,*,*,서양/NNG/*+근현대사/NNG/*
서양사상의이해,,,,NNG,*,F,서양사상의이해,Compound,*,*,서양/NNG/*+사상/NNG/*+의/JKG/*+이해/NNG/*
서피스인테리어디자인스튜디오,,,,NNG,*,F,서피스인테리어디자인스튜디오,Compound,*,*,서피스/NNG/*+인테리어/NNG/*+디자인/NNG/*+스튜디오/NNG/*
서피스인테리어디자인스튜디오1,,,,NNG,*,T,서피스인테리어디자인스튜디오1,Compound,*,*,서피스/NNG/*+인테리어/NNG/*+디자인/NNG/*+스튜디오/NNG/*+1/SN/*
서피스패턴드로잉,,,,NNG,*,T,서피스패턴드로잉,Compound,*,*,서피스/NNG/*+패턴/NNG/*+드로잉/NNG/*
선형대수,,,,NNG,*,F,선형대수,Compound,*,*,선형/NNG/*+대수/NNG/*
선형대수학,,,,NNG,*,T,선형대수학,Compound,*,*,선형/NNG/*+대수학/NNG/*
성공DNA,,,,NNG,*,T,성공DNA,Compound,*,*,성공/NNG/*+DNA/SL/*
성서와영미문화,,,,NNG,*,F,성서와영미문화,Compound,*,*,성서/NNG/*+와/JC/*+영미/NNP/*문화/NNG/*
세무회계,,,,NNG,*,F,세무회계,Compound,*,*,세무/NNG/*+회계/NNG/*
세법개론,,,,NNG,*,T,세법개론,Compound,*,*,세법/NNG/*+개론/NNG/*
세익스피어,,,,NNG,*,F,세익스피어,*,*,*,*
세포생물학,,,,NNG,*,T,세포생물학,Compound,*,*,세포/NNG/*+생물학/NNG/*
세포생물학실험,,,,NNG,*,T,세포생물학실험,Compound,*,*,세포/NNG/*+생물학/NNG/*+실험/NNG/*
센서공학,,,,NNG,*,T,센서공학,Compound,*,*,센서/NNG/*+공학/NNG/*
소나시스템,,,,NNG,*,T,소나시스템,Compound,*,*,소나/NNG/*+시스템/NNG/*
소나시스템공학및실습,,,,NNG,*,T,소나시스템공학및실습,Compound,*,*,소나/NNG/*+시스템/NNG/*+공학/NNG/*+및/MAJ/*+실습/NNG/*
소설과현대사회,,,,NNG,*,F,소설과현대사회,Compound,*,*,소설/NNG/*+과/JC/*현대/NNG/*+사회/NNG/*
소재융합실험계획법,,,,NNG,*,T,소재융합실험계획법,Compound,*,*,소재/NNG/*+융합/NNG/*+실험/NNG/*+계획/NNG/*+법/NNG/*
소통의수사학,,,,NNG,*,T,소통의수사학,Compound,*,*,소통/NNG/*+의/JKG/*+수사학/NNG/*
소프트웨어공학,,,,NNG,*,T,소프트웨어공학,Compound,*,*,소프트웨어/NNG/*+공학/NNG/*
소프트웨어와인문비평,,,,NNG,*,T,소프트웨어와인문비평,Compound,*,*,소프트웨어/NNG/*+와/JC/*+인문/NNG/*+비평/NNG/*
소프트웨어융합캡스톤디자인,,,,NNG,*,T,소프트웨어융합캡스톤디자인,Compound,*,*,소프트웨어/NNG/*+융합/NNG/*+캡스톤/NNP/*+디자인/NNG/*
소프트웨어융합캡스톤디자인2,,,,NNG,*,T,소프트웨어융합캡스톤디자인2,Compound,*,*,소프트웨어/NNG/*+융합/NNG/*+캡스톤/NNP/*+디자인/NNG/*+2/SN/*
소프트웨어의이해,,,,NNG,*,F,소프트웨어의이해,Compound,*,*,소프트웨어/NNG/*+의/JKG/*+이해/NNG/*
수리경제학,,,,NNG,*,T,수리경제학,Compound,*,*,수리/NNG/*+경제학/NNG/*
수리물리학,,,,NNG,*,T,수리물리학,Compound,*,*,수리/NNG/*+물리학/NNG/*
수리물리학1,,,,NNG,*,T,수리물리학1,Compound,*,*,수리/NNG/*+물리학/NNG/*+1/SN/*
수리통계,,,,NNG,*,F,수리통계,Compound,*,*,수리/NNG/*+통계/NNG/*
수리통계이론,,,,NNG,*,T,수리통계이론,Compound,*,*,수리/NNG/*+통계/NNG/*+이론/NNG/*
수리통계이론1,,,,NNG,*,T,수리통계이론1,Compound,*,*,수리/NNG/*+통계/NNG/*+이론/NNG/*+1/SN/*
수리통계학,,,,NNG,*,T,수리통계학,Compound,*,*,수리/NNG/*+통계학/NNG/*
수문학,,,,NNG,*,T,수문학,*,*,*,*
수중음향신호처리,,,,NNG,*,F,수중음향신호처리,Compound,*,*,수중/NNG/*+음향/NNG/*+신호/NNG/*+처리/NNG/*
수처리공정원리,,,,NNG,*,F,수처리공정원리,Compound,*,*,수/NNG/*+처리/NNG/*+공정/NNG/*+원리/NNG/*
수치계산,,,,NNG,*,T,수치계산,Compound,*,*,수치/NNG/*+계산/NNG/*
수치해석,,,,NNG,*,T,수치해석,Compound,*,*,수치/NNG/*+해석/NNG/*
수학탐험,,,,NNG,*,T,수학탐험,Compound,*,*,수학/NNG/*+탐험/NNG/*
수화실기,,,,NNG,*,F,수화실기,Compound,*,*,수화/NNG/*+실기/NNG/*
스마트실감형어플리케이션개발,,,,NNG,*,T,스마트실감형어플리케이션개발,Compound,*,*,스마트/NNG/*+실감/NNG/*+형/XSN/*+어플리케이션/NNG/*+개발/NNG/*
스몰뮤직프로덕션,,,,NNG,*,T,스몰뮤직프로덕션,Compound,*,*,스몰/NNG/*+뮤직/NNG/*+프로덕션/NNG/*
스무살의행복한나의인생디자인,,,,NNG,*,T,스무살의행복한나의인생디자인,Compound,*,*,스무/MM/*+살/NNBC/*+의/JKG/*_행복/NNG/*+한/XSA+ETM/*+나/NP/*+의/JKG/*+인생/NNG/*+디자인/NNG/*
스크린영어,,,,NNG,*,F,스크린영어,Compound,*,*,스크린/NNG/*+영어/NNG/*
스타트업성장컨설팅,,,,NNG,*,T,스타트업성장컨설팅,Compound,*,*,스타트업/NNG/*+성장/NNG/*+컨설팅/NNG/*
스타트업초청강연,,,,NNG,*,T,스타트업초청강연,Compound,*,*,스타트업/NNG/*+초청/NNG/*+강연/NNG/*
스테이지미디어프로덕션,,,,NNG,*,T,스테이지미디어프로덕션,Compound,*,*,스테이지/NNG/*+미디어/NNG/*+프로덕션/NNG/*
스토리와장르전환,,,,NNG,*,T,스토리와장르전환,Compound,*,*,스토리/NNG/*+와/JC/*+장르/NNG/*+전환/NNG/*
스튜디오테크닉,,,,NNG,*,T,스튜디오테크닉,Compound,*,*,스튜디오/NNG/*+테크닉/NNG/*
스튜디오테크닉1,,,,NNG,*,T,스튜디오테크닉1,Compound,*,*,스튜디오/NNG/*+테크닉/NNG/*+1/SN/*
스튜디오테크닉3,,,,NNG,*,T,스튜디오테크닉3,Compound,*,*,스튜디오/NNG/*+테크닉/NNG/*+3/SN/*
스페인사회와문화,,,,NNG,*,F,스페인사회와문화,Compound,*,*,스페인/NNP/*+사회/NNG/*+와/JC/*+문화/NNG/*
스포츠과학개론,,,,NNG,*,T,스포츠과학개론,Compound,*,*,스포츠/NNG/*+과학/NNG/*+개론/NNG/*
스포츠교육학,,,,NNG,*,T,스포츠교육학,Compound,*,*,스포츠/NNG/*+교육학/NNG/*
스포츠마케팅,,,,NNG,*,T,스포츠마케팅,Compound,*,*,스포츠/NNG/*+마케팅/NNG/*
스포츠문화와거버넌스,,,,NNG,*,F,스포츠문화와거버넌스,Compound,*,*,스포츠/NNG/*+문화/NNG/*+와/JC/*+거버넌스/NNG/*
스포츠문화프로젝트기획론,,,,NNG,*,T,스포츠문화프로젝트기획론,Compound,*,*,스포츠/NNG/*+문화/NNG/*+프로젝트/NNG/*+기획/NNG/*+론/XSN/*
스포츠산업론,,,,NNG,*,T,스포츠산업론,Compound,*,*,스포츠/NNG/*+산업/NNG/*+론/XSN/*
스포츠심리학,,,,NNG,*,T,스포츠심리학,Compound,*,*,스포츠/NNG/*+심리학/NNG/*
스포츠영상분석및기록분석,,,,NNG,*,T,스포츠영상분석및기록분석,Compound,*,*,스포츠/NNG/*+영상/NNG/*+분석/NNG/*+및/MAJ/*+기록/NNG/*+분석/NNG/*
스포츠영양학,,,,NNG,*,T,스포츠영양학,Compound,*,*,스포츠/NNG/*+영양학/NNG/*
스포츠윤리,,,,NNG,*,F,스포츠윤리,Compound,*,*,스포츠/NNG/*+윤리/NNG/*
스포츠정보론,,,,NNG,*,T,스포츠정보론,Compound,*,*,스포츠/NNG/*+정보/NNG/*+론/XSN/*
스포츠종합실기,,,,NNG,*,F,스포츠종합실기,Compound,*,*,스포츠/NNG/*+종합/NNG/*+실기/NNG/*
스포츠종합실기3,,,,NNG,*,T,스포츠종합실기3,Compound,*,*,스포츠/NNG/*+종합/NNG/*+실기/NNG/*+3/SN/*
스포츠카운셀링,,,,NNG,*,T,스포츠카운셀링,Compound,*,*,스포츠/NNG/*+카운셀링/NNG/*
스포츠캡스톤디자인,,,,NNG,*,T,스포츠캡스톤디자인,Compound,*,*,스포츠/NNG/*+캡스톤/NNG/*+디자인/NNG/*
스포츠캡스톤디자인1,,,,NNG,*,T,스포츠캡스톤디자인1,Compound,*,*,스포츠/NNG/*+캡스톤/NNG/*+디자인/NNG/*+1/SN/*
스포츠행정및외교,,,,NNG,*,F,스포츠행정및외교,Compound,*,*,스포츠/NNG/*+행정/NNG/*+및/MAJ/*+외교/NNG/*
스피치&토론커뮤니케이션,,,,NNG,*,T,스피치&토론커뮤니케이션,Compound,*,*,스피치/NNG/*+&/SY/*+토론/NNG/*+커뮤니케이션/NNG/*
시각전달디자인,,,,NNG,*,T,시각전달디자인,Compound,*,*,시각/NNG/*+전달/NNG/*+디자인/NNG/*
시각전달디자인1,,,,NNG,*,T,시각전달디자인1,Compound,*,*,시각/NNG/*+전달/NNG/*+디자인/NNG/*+1/SN/*
시각정보디자인,,,,NNG,*,T,시각정보디자인,Compound,*,*,시각/NNG/*+정보/NNG/*+디자인/NNG/*
시각정보디자인1,,,,NNG,*,T,시각정보디자인1,Compound,*,*,시각/NNG/*+정보/NNG/*+디자인/NNG/*+1/SN/*
시민의식과불평등,,,,NNG,*,T,시민의식과불평등,Compound,*,*,시민/NNG/*+의식/NNG/*+과/JC/*+불/XPN/*+평등/NNG/*
시사일본어,,,,NNG,*,F,시사일본어,Compound,*,*,시사/NNG/*+일본어/NNG/*
시스템보안,,,,NNG,*,T,시스템보안,Compound,*,*,시스템/NNG/*+보안/NNG/*
시스템프로그래밍,,,,NNG,*,T,시스템프로그래밍,Compound,*,*,시스템/NNG/*+프로그래밍/NNG/*
시스템프로그래밍기초,,,,NNG,*,F,시스템프로그래밍기초,Compound,*,*,시스템/NNG/*+프로그래밍/NNG/*+기초/NNG/*
시스템해석,,,,NNG,*,T,시스템해석,Compound,*,*,시스템/NNG/*+해석/NNG/*
시창·청음,,,,NNG,*,T,시창·청음,Compound,*,*,시창/NNG/*+·/SC/*+청음/NNG/*
시창·청음1,,,,NNG,*,T,시창·청음1,Compound,*,*,시창/NNG/*+·/SC/*+청음/NNG/*+1/SN/*
시청각영어,,,,NNG,*,F,시청각영어,Compound,*,*,시청각/NNG/*+영어/NNG/*
시청각영어1,,,,NNG,*,T,시청각영어1,Compound,*,*,시청각/NNG/*+영어/NNG/*+1/SN/*
신경생화학,,,,NNG,*,T,신경생화학,Compound,*,*,신경/NNG/*+생화학/NNG/*
신산업과소프트웨어,,,,NNG,*,F,신산업과소프트웨어,Compound,*,*,신/XPN/*+산업/NNG/*+과/JC/*+소프트웨어/NNG/*
신호와시스템,,,,NNG,*,T,신호와시스템,Compound,*,*,신호/NNG/*+와/JC/*+시스템/NNG/*
실내디자인사,,,,NNG,*,F,실내디자인사,Compound,*,*,실내/NNG/*+디자인사/NNG/*
실내디자인스튜디오,,,,NNG,*,F,실내디자인스튜디오,Compound,*,*,실내/NNG/*+디자인/NNG/*+스튜디오/NNG/*
실내디자인실무기법,,,,NNG,*,T,실내디자인실무기법,Compound,*,*,실내/NNG/*+디자인/NNG/*+실무/NNG/*+기법/NNG/*
실내디자인실무기법1,,,,NNG,*,T,실내디자인실무기법1,Compound,*,*,실내/NNG/*+디자인/NNG/*+실무/NNG/*+기법/NNG/*+1/SN/*
실내디자인워크샵,,,,NNG,*,T,실내디자인워크샵,Compound,*,*,실내/NNG/*+디자인/NNG/*+워크샵/NNG/*
실내디자인워크샵1,,,,NNG,*,T,실내디자인워크샵1,Compound,*,*,실내/NNG/*+디자인/NNG/*+워크샵/NNG/*+1/SN/*
실내디자인프로젝트,,,,NNG,*,F,실내디자인프로젝트,Compound,*,*,실내/NNG/*+디자인/NNG/*+프로젝트/NNG/*
실내디자인프로젝트1,,,,NNG,*,T,실내디자인프로젝트1,Compound,*,*,실내/NNG/*+디자인/NNG/*+프로젝트/NNG/*+1/SN/*
실용무용레파토리,,,,NNG,*,F,실용무용레파토리,Compound,*,*,실용/NNG/*+무용/NNG/*+레파토리/NNG/*
실용스페인어,,,,NNG,*,F,실용스페인어,Compound,*,*,실용/NNG/*+스페인어/NNP/*
실용영작문,,,,NNG,*,T,실용영작문,Compound,*,*,실용/NNG/*+영작문/NNG/*
실용음악이론,,,,NNG,*,T,실용음악이론,Compound,*,*,실용/NNG/*+음악/NNG/*+이론/NNG/*
실용일본어,,,,NNG,*,F,실용일본어,Compound,*,*,실용/NNG/*+일본어/NNP/*
실용중국어,,,,NNG,*,F,실용중국어,Compound,*,*,실용/NNG/*+중국어/NNP/*
실전창업,,,,NNG,*,T,실전창업,Compound,*,*,실전/NNG/*+창업/NNG/*
실크로드와한국문화,,,,NNG,*,F,실크로드와한국문화,Compound,*,*,실크/NNG/*+로드/NNG/*+와/JC/*+한국/NNP/*+문화/NNG/*
실험적디자인,,,,NNG,*,T,실험적디자인,Compound,*,*,실험/NNG/*+적/XSN/*+디자인/NNG/*
아날로그집적회로,,,,NNG,*,F,아날로그집적회로,Compound,*,*,아날로그/NNG/*+집적회로/NNG/*
아이디어발상,,,,NNG,*,T,아이디어발상,Compound,*,*,아이디어/NNG/*+발상/NNG/*
아카데믹글쓰기,,,,NNG,*,F,아카데믹글쓰기,Compound,*,*,아카데믹/NNG/*+글/NNG/*+쓰/VV/*+기/ETN/*
아트워크프로젝트,,,,NNG,*,F,아트워크프로젝트,Compound,*,*,아트/NNG/*+워크/NNG/*+프로젝트/NNG/*
아트웨어디자인,,,,NNG,*,T,아트웨어디자인,Compound,*,*,아트/NNG/*+웨어/NNG/*+디자인/NNG/*
아트주얼리,,,,NNG,*,F,아트주얼리,Compound,*,*,아트/NNG/*+주얼리/NNG/*
아트주얼리1,,,,NNG,*,T,아트주얼리1,Compound,*,*,아트/NNG/*+주얼리/NNG/*+1/SN/*
안드로이드앱프로그래밍,,,,NNG,*,T,안드로이드앱프로그래밍,Compound,*,*,안드로이드/NNG/*+앱/NNG/*+프로그래밍/NNG/*
안무실습,,,,NNG,*,T,안무실습,Compound,*,*,안무/NNG/*+실습/NNG/*
안무실습5,,,,NNG,*,T,안무실습5,Compound,*,*,안무/NNG/*+실습/NNG/*+5/SN/*
안무워크샵,,,,NNG,*,T,안무워크샵,Compound,*,*,안무/NNG/*+워크샵/NNG/*
안무워크샵심화,,,,NNG,*,F,안무워크샵심화,Compound,*,*,안무/NNG/*+워크샵/NNG/*+심화/NNG/*
안보학,,,,NNG,*,T,안보학,*,*,*,*
암호학,,,,NNG,*,T,암호학,*,*,*,*
애니메이션세미나,,,,NNG,*,F,애니메이션세미나,Compound,*,*,애니메이션/NNG/*+세미나/NNG/*
애니메이션워크샵,,,,NNG,*,T,애니메이션워크샵,Compound,*,*,애니메이션/NNG/*+워크샵/NNG/*
약국실무실습,,,,NNG,*,T,약국실무실습,Compound,*,*,약국/NNG/*+실무/NNG/*+실습/NNG/*
약물치료학,,,,NNG,*,T,약물치료학,Compound,*,*,약물/NNG/*+치료학/NNG/*
약물치료학1,,,,NNG,*,T,약물치료학1,Compound,*,*,약물/NNG/*+치료학/NNG/*+1/SN/*
약물치료학3,,,,NNG,*,T,약물치료학3,Compound,*,*,약물/NNG/*+치료학/NNG/*+3/SN/*
약물학,,,,NNG,*,T,약물학,*,*,*,*
약물학1,,,,NNG,*,T,약물학1,Compound,*,*,약물학/NNG/*+1/SN/*
약물학3,,,,NNG,*,T,약물학3,Compound,*,*,약물학/NNG/*+3/SN/*
약제학,,,,NNG,*,T,약제학,*,*,*,*
약품미생물학,,,,NNG,*,T,약품미생물학,Compound,*,*,약품/NNG/*+미생물학/NNG/*
약품분석학,,,,NNG,*,T,약품분석학,Compound,*,*,약품/NNG/*+분석학/NNG/*
약품생화학,,,,NNG,*,T,약품생화학,Compound,*,*,약품/NNG/*+생화학/NNG/*
약학개론,,,,NNG,*,T,약학개론,Compound,*,*,약학/NNG/*+개론/NNG/*
약학생리학,,,,NNG,*,T,약학생리학,Compound,*,*,약학/NNG/*+생리학/NNG/*
약학이론실습,,,,NNG,*,T,약학이론실습,Compound,*,*,약학/NNG/*+이론/NNG/*+실습/NNG/*
약학이론실습1,,,,NNG,*,T,약학이론실습1,Compound,*,*,약학/NNG/*+이론/NNG/*+실습/NNG/*+1/SN/*
약학이론실습3,,,,NNG,*,T,약학이론실습3,Compound,*,*,약학/NNG/*+이론/NNG/*+실습/NNG/*+3/SN/*
약학이론실습5,,,,NNG,*,T,약학이론실습5,Compound,*,*,약학/NNG/*+이론/NNG/*+실습/NNG/*+5/SN/*
약학해부학,,,,NNG,*,T,약학해부학,Compound,*,*,약학/NNG/*+해부학/NNG/*
양자물리학,,,,NNG,*,T,양자물리학,Compound,*,*,양자/NNG/*+물리학/NNG/*
양적조사방법,,,,NNG,*,T,양적조사방법,Compound,*,*,양/NNG/*+적/XSN/*+조사/NNG/*+방법/NNG/*
양적조사방법1,,,,NNG,*,T,양적조사방법1,Compound,*,*,양/NNG/*+적/XSN/*+조사/NNG/*+방법/NNG/*+1/SN/*
어드벤쳐디자인,,,,NNG,*,T,어드벤쳐디자인,Compound,*,*,어드벤쳐/NNG/*+디자인/NNG/*
어드벤쳐디자인2,,,,NNG,*,T,어드벤쳐디자인2,Compound,*,*,어드벤쳐/NNG/*+디자인/NNG/*+2/SN/*
언론과대중문화,,,,NNG,*,F,언론과대중문화,Compound,*,*,언론/NNG/*+과/JC/*+대중/NNG/*+문화/NNG/*
언어정보의처리방법,,,,NNG,*,T,언어정보의처리방법,Compound,*,*,언어/NNG/*+정보/NNG/*+의/JKG/*+처리/NNG/*+방법/NNG/*
업사이클링디자인,,,,NNG,*,T,업사이클링디자인,Compound,*,*,업/NNG/*+사이클링/NNG/*+디자인/NNG/*
에너지재료공학,,,,NNG,*,T,에너지재료공학,Compound,*,*,에너지/NNG/*+재료/NNG/*+공학/NNG/*
엔터테이먼트무대의상디자인,,,,NNG,*,T,엔터테이먼트무대의상디자인,Compound,*,*,엔터테이먼트/NNG/*+무대/NNG/*+의상/NNG/*+디자인/NNG/*
엔터테인먼트디자인워크샵,,,,NNG,*,T,엔터테인먼트디자인워크샵,Compound,*,*,엔터테인먼트/NNG/*+디자인/NNG/*+워크샵/NNG/*
엔터테인먼트디자인워크샵1,,,,NNG,*,T,엔터테인먼트디자인워크샵1,Compound,*,*,엔터테인먼트/NNG/*+디자인/NNG/*+워크샵/NNG/*+1/SN/*
엔터테인먼트미디어디자인,,,,NNG,*,T,엔터테인먼트미디어디자인,Compound,*,*,엔터테인먼트/NNG/*+미디어/NNG/*+디자인/NNG/*
엔터테인먼트미디어디자인1,,,,NNG,*,T,엔터테인먼트미디어디자인1,Compound,*,*,엔터테인먼트/NNG/*+미디어/NNG/*+디자인/NNG/*+1/SN/*
여가및레크레이션론,,,,NNG,*,T,여가및레크레이션론,Compound,*,*,여가/NNG/*+및/MAJ/*+레크레이션/NNG/*+론/XSN/*
여론과미디어,,,,NNG,*,F,여론과미디어,Compound,*,*,여론/NNG/*+과/JC/*+미디어/NNG/*
여론과트렌드,,,,NNG,*,F,여론과트렌드,Compound,*,*,여론/NNG/*+과/JC/*+트렌드/NNG/*
역학,,,,NNG,*,T,역학,*,*,*,*
연구참여,,,,NNG,*,F,연구참여,Compound,*,*,연구/NNG/*+참여/NNG/*
연구참여1,,,,NNG,*,T,연구참여1,Compound,*,*,연구/NNG/*+참여/NNG/*+1/SN/*
연극의세계,,,,NNG,*,F,연극의세계,Compound,*,*,연극/NNG/*+의/JKG/*+세계/NNG/*
연안공학및실험,,,,NNG,*,T,연안공학및실험,Compound,*,*,연안/NNG/*+공학/NNG/*+및/MAJ/*+실험/NNG/*
연안해양탐사실습,,,,NNG,*,T,연안해양탐사실습,Compound,*,*,연안/NNG/*+해양/NNG/*+탐사/NNG/*+실습/NNG/*
열역학,,,,NNG,*,T,열역학,*,*,*,*
영국문화의이해,,,,NNG,*,F,영국문화의이해,Compound,*,*,영국/NNP/*+문화/NNG/*+의/JKG/*+이해/NNG/*
영국사회와문학,,,,NNG,*,T,영국사회와문학,Compound,*,*,영국/NNP/*+사회/NNG/*+와/JC/*+문학/NNG/*
영국사회와문학1,,,,NNG,*,T,영국사회와문학1,Compound,*,*,영국/NNP/*+사회/NNG/*+와/JC/*+문학/NNG/*+1/SN/*
영문법,,,,NNG,*,T,영문법,*,*,*,*
영문법1,,,,NNG,*,T,영문법1,Compound,*,*,영문법/NNG/*+1/SN/*
영문법의이해,,,,NNG,*,F,영문법의이해,Compound,*,*,영문법/NNG/*+의/JKG/*+이해/NNG/*
영미사회와문화,,,,NNG,*,F,영미사회와문화,Compound,*,*,영미/NNP/*+사회/NNG/*+와/JC/*+문화/NNG/*
영미언어문화학과캡스톤디자인,,,,NNG,*,T,영미언어문화학과캡스톤디자인,Compound,*,*,영미/NNP/*+언어/NNG/*+문화/NNG/*+학과/NNG/*+캡스톤/NNP/*+디자인/NNG/*
영미언어문화학과캡스톤디자인1,,,,NNG,*,T,영미언어문화학과캡스톤디자인1,Compound,*,*,영미/NNP/*+언어/NNG/*+문화/NNG/*+학과/NNG/*+캡스톤/NNP/*+디자인/NNG/*+1/SN/*
영상디자인스튜디오,,,,NNG,*,F,영상디자인스튜디오,Compound,*,*,영상/NNG/*+디자인/NNG/*+스튜디오/NNG/*
영상디자인스튜디오1,,,,NNG,*,T,영상디자인스튜디오1,Compound,*,*,영상/NNG/*+디자인/NNG/*+스튜디오/NNG/*+1/SN/*
영상문화론,,,,NNG,*,T,영상문화론,Compound,*,*,영상/NNG/*+문화/NNG/*+론/XSN/*
영상커뮤니케이션,,,,NNG,*,T,영상커뮤니케이션,Compound,*,*,영상/NNG/*+커뮤니케이션/NNG/*
영상콘텐츠구성실습,,,,NNG,*,T,영상콘텐츠구성실습,Compound,*,*,영상/NNG/*+콘텐츠/NNG/*+구성/NNG/*+실습/NNG/*
영어로만나는YouTube,,,,NNG,*,T,영어로만나는YouTube,Compound,*,*,영어/NNG/*+로/JKB/*+만나/VV/*+는/ETM/*+YouTube/SL/*
영어발달사,,,,NNG,*,F,영어발달사,Compound,*,*,영어/NNG/*+발달사/NNG/*
영어음성학,,,,NNG,*,T,영어음성학,Compound,*,*,영어/NNG/*+음성학/NNG/*
영어의이해,,,,NNG,*,F,영어의이해,Compound,*,*,영어/NNG/*+의/JKG/*+이해/NNG/*
영어커뮤니케이션,,,,NNG,*,T,영어커뮤니케이션,Compound,*,*,영어/NNG/*+커뮤니케이션/NNG/*
영어커뮤니케이션1-고급,,,,NNG,*,T,영어커뮤니케이션1-고급,Compound,*,*,영어/NNG/*+커뮤니케이션/NNG/*+1/SN/*+-/SY/*+고급/NNG/*
영어커뮤니케이션1-중급,,,,NNG,*,T,영어커뮤니케이션1-중급,Compound,*,*,영어/NNG/*+커뮤니케이션/NNG/*+1/SN/*+-/SY/*+중급/NNG/*
영어커뮤니케이션1-초급,,,,NNG,*,T,영어커뮤니케이션1-초급,Compound,*,*,영어/NNG/*+커뮤니케이션/NNG/*+1/SN/*+-/SY/*+초급/NNG/*
영어커뮤니케이션2-고급,,,,NNG,*,T,영어커뮤니케이션2-고급,Compound,*,*,영어/NNG/*+커뮤니케이션/NNG/*+2/SN/*+-/SY/*+고급/NNG/*
영어커뮤니케이션2-중급,,,,NNG,*,T,영어커뮤니케이션2-중급,Compound,*,*,영어/NNG/*+커뮤니케이션/NNG/*+2/SN/*+-/SY/*+중급/NNG/*
영어커뮤니케이션2-초급,,,,NNG,*,T,영어커뮤니케이션2-초급,Compound,*,*,영어/NNG/*+커뮤니케이션/NNG/*+2/SN/*+-/SY/*+초급/NNG/*
영어회화,,,,NNG,*,F,영어회화,Compound,*,*,영어/NNG/*+회화/NNG/*
영어회화1,,,,NNG,*,T,영어회화1,Compound,*,*,영어/NNG/*+회화/NNG/*+1/SN/*
영화속디자인이야기,,,,NNG,*,F,영화속디자인이야기,Compound,*,*,영화/NNG/*+속/NNG/*+디자인/NNG/*+이야기/NNG/*
영화속심리학,,,,NNG,*,T,영화속심리학,Compound,*,*,영화/NNG/*+속/NNG/*+심리학/NNG/*
영화의세계,,,,NNG,*,F,영화의세계,Compound,*,*,영화/NNG/*+의/JKG/*+세계/NNG/*
예방약학,,,,NNG,*,T,예방약학,Compound,*,*,예방/NNG/*+약학/NNG/*
예방약학1,,,,NNG,*,T,예방약학1,Compound,*,*,예방/NNG/*+약학/NNG/*+1/SN/*
옛문학의아름다움,,,,NNG,*,T,옛문학의아름다움,Compound,*,*,옛/MM/*+문학/NNG/*+의/JKG/*+아름다움/VA+ETN /*
오리엔탈리즘,,,,NNG,*,T,*,Compound,*,*,*
오토마타와형식언어론,,,,NNG,*,T,오토마타와형식언어론,Compound,*,*,오토마타/NNG/*+와/JC/*+형식/NNG/*+언어/NNG/*+론/XSN/*
오픈소스SW,,,,NNG,*,T,오픈소스SW,Compound,*,*,오픈/NNG/*+소스/NNG/*+SW/NNP/*
오픈소스SW개발,,,,NNG,*,T,오픈소스SW개발,Compound,*,*,오픈/NNG/*+소스/NNG/*+SW/NNP/*+개발/NNG/*
외국인학생을위한실용한국어,,,,NNG,*,F,외국인학생을위한실용한국어,Compound,*,*,외국인/NNG/*+학생/NNG/*+을/JKO/*+위한/VV+ETM/*+실용/NNG/*+한국어/NNP/*
운동과웰니스,,,,NNG,*,F,운동과웰니스,Compound,*,*,운동/NNG/*+과/JC/*+웰니스/NNG/*
운동상해및처치,,,,NNG,*,F,운동상해및처치,Compound,*,*,운동/NNG/*+상해/NNG/*+및/MAJ/*+처치/NNG/*
운동처방론,,,,NNG,*,T,운동처방론,Compound,*,*,운동/NNG/*+처방/NNG/*+론/XSN/*
운송기기디자인,,,,NNG,*,T,운송기기디자인,Compound,*,*,운송/NNG/*+기기/NNG/*+디자인/NNG/*
운송기기디자인1,,,,NNG,*,T,운송기기디자인1,Compound,*,*,운송/NNG/*+기기/NNG/*+디자인/NNG/*+1/SN/*
운영체제기초,,,,NNG,*,F,운영체제기초,Compound,*,*,운영/NNG/*+체제/NNG/*+기초/NNG/*
운영체제론,,,,NNG,*,T,운영체제론,Compound,*,*,운영/NNG/*+체제/NNG/*+론/XSN/*
원가관리회계,,,,NNG,*,F,원가관리회계,Compound,*,*,원가/NNG/*+관리/NNG/*+회계/NNG/*
원가관리회계1,,,,NNG,*,T,원가관리회계1,Compound,*,*,원가/NNG/*+관리/NNG/*+회계/NNG/*+1/SN/*
원가관리회계3,,,,NNG,*,T,원가관리회계3,Compound,*,*,원가/NNG/*+관리/NNG/*+회계/NNG/*+3/SN/*
웰니스와삶의질,,,,NNG,*,T,웰니스와삶의질,Compound,*,*,웰니스/NNG/*+와/JC/*+삶/NNG/*+의/JKG/*+질/NNG/*
웹디자인,,,,NNG,*,T,웹디자인,Compound,*,*,웹/NNG/*+디자인/NNG/*
웹디자인2,,,,NNG,*,T,웹디자인2,Compound,*,*,웹/NNG/*+디자인/NNG/*+2/SN/*
웹모바일기획과서비스,,,,NNG,*,F,웹모바일기획과서비스,Compound,*,*,웹/NNG/*+모바일/NNG/*+기획/NNG/*+과/JC/*+서비스/NNG/*
웹서비스구축,,,,NNG,*,T,웹서비스구축,Compound,*,*,웹/NNG/*+서비스/NNG/*+구축/NNG/*
웹애플리케이션개발,,,,NNG,*,T,웹애플리케이션개발,Compound,*,*,웹/NNG/*+애플리케이션/NNG/*+개발/NNG/*
웹툰의세계,,,,NNG,*,F,웹툰의세계,Compound,*,*,웹툰/NNG/*+의/JKG/*+세계/NNG/*
웹퍼블리싱,,,,NNG,*,T,웹퍼블리싱,Compound,*,*,웹/NNG/*+퍼블리싱/NNG/*
위기와 재난대응 커뮤니케이션,,,,NNG,*,T,위기와 재난대응 커뮤니케이션,Compound,*,*,위기/NNG/*+와/JC/*+재난/NNG/*+대응/NNG/*+커뮤니케이션/NNG/*
유기합성공정,,,,NNG,*,T,유기합성공정,Compound,*,*,유기/NNG/*+합성/NNG/*+공정/NNG/*
유기합성실험,,,,NNG,*,T,유기합성실험,Compound,*,*,유기/NNG/*+합성/NNG/*+실험/NNG/*
유적.유물답사및실습,,,,NNG,*,T,유적.유물답사및실습,Compound,*,*,유적/NNG/*+./SY/*+유물/NNG/*+답사/NNG/*+및/MAJ/*+실습/NNG/*
유적유물답사및실습,,,,NNG,*,T,유적유물답사및실습,Compound,*,*,유적/NNG/*+유물/NNG/*+답사/NNG/*+및/MAJ/*+실습/NNG/*
유전학,,,,NNG,*,T,유전학,*,*,*,*
유체기계설계,,,,NNG,*,F,유체기계설계,Compound,*,*,유체/NNG/*+기계/NNG/*+설계/NNG/*
유체역학,,,,NNG,*,T,유체역학,Compound,*,*,유체/NNG/*+역학/NNG/*
유체역학론,,,,NNG,*,T,유체역학론,Compound,*,*,유체/NNG/*+역학/NNG/*+론/XSN/*
유체역학응용설계,,,,NNG,*,F,유체역학응용설계,Compound,*,*,유체/NNG/*+역학/NNG/*+응용/NNG/*+설계/NNG/*
육상,,,,NNG,*,T,육상,*,*,*,*
육상1,,,,NNG,*,T,육상1,Compound,*,*,육상/NNG/*+1/SN/*
육상2,,,,NNG,*,T,육상2,Compound,*,*,육상/NNG/*+2/SN/*
융복합미디어개론,,,,NNG,*,T,융복합미디어개론,Compound,*,*,융복합/NNG/*+미디어/NNG/*+개론/NNG/*
융합공학과연구실심화실습,,,,NNG,*,T,융합공학과연구실심화실습,Compound,*,*,융합/NNG/*+공학/NNG/*+과/JC/*+연구실/NNG/*+심화/NNG/*+실습/NNG/*
융합공학과연구실심화실습1,,,,NNG,*,T,융합공학과연구실심화실습1,Compound,*,*,융합/NNG/*+공학/NNG/*+과/JC/*+연구실/NNG/*+심화/NNG/*+실습/NNG/*+1/SN/*
융합공학과연구실심화실습3,,,,NNG,*,T,융합공학과연구실심화실습3,Compound,*,*,융합/NNG/*+공학/NNG/*+과/JC/*+연구실/NNG/*+심화/NNG/*+실습/NNG/*+3/SN/*
융합기술과이노베이션디자인,,,,NNG,*,T,융합기술과이노베이션디자인,Compound,*,*,융합/NNG/*+기술/NNG/*+과/JC/*+이노베이션/NNG/*+디자인/NNG/*
융합캡스톤기초,,,,NNG,*,F,융합캡스톤기초,Compound,*,*,융합/NNG/*+캡스톤/NNP/*+기초/NNG/*
융합캡스톤설계,,,,NNG,*,F,융합캡스톤설계,Compound,*,*,융합/NNG/*+캡스톤/NNP/*+설계/NNG/*
융합캡스톤설계1,,,,NNG,*,T,융합캡스톤설계1,Compound,*,*,융합/NNG/*+캡스톤/NNP/*+설계/NNG/*+1/SN/*
융합캡스톤설계3,,,,NNG,*,T,융합캡스톤설계3,Compound,*,*,융합/NNG/*+캡스톤/NNP/*+설계/NNG/*+3/SN/*
융합프로그래밍실습,,,,NNG,*,T,융합프로그래밍실습,Compound,*,*,융합/NNG/*+프로그래밍/NNG/*+실습/NNG/*
융합프로그래밍실습1,,,,NNG,*,T,융합프로그래밍실습1,Compound,*,*,융합/NNG/*+프로그래밍/NNG/*+실습/NNG/*+1/SN/*
음식과세계문화,,,,NNG,*,F,음식과세계문화,Compound,*,*,음식/NNG/*+과/JC/*+세계/NNG/*+문화/NNG/*
음악비즈니스,,,,NNG,*,F,음악비즈니스,Compound,*,*,음악/NNG/*+비즈니스/NNG/*
음악사,,,,NNG,*,F,음악사,*,*,*,*
음악사1,,,,NNG,*,T,음악사1,Compound,*,*,음악사/NNG/*+1/SN/*
응용물리학연구실심화실습,,,,NNG,*,T,응용물리학연구실심화실습,Compound,*,*,응용/NNG/*+물리학/NNG/*+연구실/NNG/*+심화/NNG/*+실습/NNG/*
응용물리학연구실심화실습1,,,,NNG,*,T,응용물리학연구실심화실습1,Compound,*,*,응용/NNG/*+물리학/NNG/*+연구실/NNG/*+심화/NNG/*+실습/NNG/*+1/SN/*
응용물리학연구실심화실습3,,,,NNG,*,T,응용물리학연구실심화실습3,Compound,*,*,응용/NNG/*+물리학/NNG/*+연구실/NNG/*+심화/NNG/*+실습/NNG/*+3/SN/*
응용물리학캡스톤디자인,,,,NNG,*,T,응용물리학캡스톤디자인,Compound,*,*,응용/NNG/*+물리학/NNG/*+캡스톤/NNP/*+디자인/NNG/*
응용물리학캡스톤디자인2,,,,NNG,*,T,응용물리학캡스톤디자인2,Compound,*,*,응용/NNG/*+물리학/NNG/*+캡스톤/NNP/*+디자인/NNG/*+2/NNG/*
응용물리화학,,,,NNG,*,T,응용물리화학,Compound,*,*,응용/NNG/*+물리/NNG/*+화학/NNG/*
응용물리회로이론,,,,NNG,*,T,응용물리회로이론,Compound,*,*,응용/NNG/*+물리/NNG/*+회로/NNG/*+이론/NNG/*
응용수학캡스톤디자인,,,,NNG,*,T,응용수학캡스톤디자인,Compound,*,*,응용/NNG/*+수학/NNG/*+캡스톤/NNP/*+디자인/NNG/*
응용수학캡스톤디자인2,,,,NNG,*,T,응용수학캡스톤디자인2,Compound,*,*,응용/NNG/*+수학/NNG/*+캡스톤/NNP/*+디자인/NNG/*+2/SN/*
응용유기공업화학,,,,NNG,*,T,응용유기공업화학,Compound,*,*,응용/NNG/*+유기/NNG/*+공업/NNG/*+화학/NNG/*
응용유기화학,,,,NNG,*,T,응용유기화학,Compound,*,*,응용/NNG/*+유기/NNG/*+화학/NNG/*
응용유기화학1,,,,NNG,*,T,응용유기화학1,Compound,*,*,응용/NNG/*+유기/NNG/*+화학/NNG/*+1/SN/*
응용유기화학실험,,,,NNG,*,T,응용유기화학실험,Compound,*,*,응용/NNG/*+유기/NNG/*+화학/NNG/*+실험/NNG/*
응용유한요소해석,,,,NNG,*,T,응용유한요소해석,Compound,*,*,응용/NNG/*+유한/NNG/*+요소/NNG/*+해석/NNG/*
응용토질역학,,,,NNG,*,T,응용토질역학,Compound,*,*,응용/NNG/*+토질/NNG/*+역학/NNG/*
응용화성법,,,,NNG,*,T,응용화성법,Compound,*,*,응용/NNG/*+화성/NNG/*+법/NNG/*
응용화성법1,,,,NNG,*,T,응용화성법1,Compound,*,*,응용/NNG/*+화성/NNG/*+법/NNG/*+1/SN/*
응집물질물리학,,,,NNG,*,T,응집물질물리학,Compound,*,*,응집/NNG/*+물질/NNG/*+물리학/NNG/*
응집물질물리학1,,,,NNG,*,T,응집물질물리학1,Compound,*,*,응집/NNG/*+물질/NNG/*+물리학/NNG/*+1/SN/*
의례·축제·신화,,,,NNG,*,F,의례·축제·신화,Compound,*,*,의례/NNG/*+·/SC/*+축제/NNG/*+·/SC/*+신화/NNG/*
의료인류학,,,,NNG,*,T,의료인류학,Compound,*,*,의료/NNG/*+인류학/NNG/*
의사결정론,,,,NNG,*,T,의사결정론,Compound,*,*,의사/NNG/*+결정/NNG/*+론/XSN/*
의상디자인설계,,,,NNG,*,F,의상디자인설계,Compound,*,*,의상/NNG/*+디자인/NNG/*+설계/NNG/*
의약품정보학,,,,NNG,*,T,의약품정보학,Compound,*,*,의약품/NNG/*+정보학/NNG/*
의약품합성학,,,,NNG,*,T,의약품합성학,Compound,*,*,의약품/NNG/*+합성학/NNG/*
의약품합성학1,,,,NNG,*,T,의약품합성학1,Compound,*,*,의약품/NNG/*+합성학/NNG/*+1/SN/*
의약화학,,,,NNG,*,T,의약화학,Compound,*,*,의약/NNG/*+화학/NNG/*
의약화학1,,,,NNG,*,T,의약화학1,Compound,*,*,의약/NNG/*+화학/NNG/*+1/SN/*
이미지툴&테크닉스,,,,NNG,*,F,이미지툴&테크닉스,Compound,*,*,이미지/NNG/*+툴/NNG/*+&/SY/*+테크닉스/NNG/*
이미지툴&테크닉스1,,,,NNG,*,T,이미지툴&테크닉스1,Compound,*,*,이미지/NNG/*+툴/NNG/*+&/SY/*+테크닉스/NNG/*+1/SN/*
이산수학,,,,NNG,*,T,이산수학,Compound,*,*,이산/NNG/*+수학/NNG/*
인간-컴퓨터시스템설계,,,,NNG,*,F,인간-컴퓨터시스템설계,Compound,*,*,인간/NNG/*+-/SY/*+컴퓨터/NNG/*+시스템/NNG/*+설계/NNG/*
인간공학,,,,NNG,*,T,인간공학,Compound,*,*,인간/NNG/*+공학/NNG/*
인간커뮤니케이션의이해,,,,NNG,*,F,인간커뮤니케이션의이해,Compound,*,*,인간/NNG/*+커뮤니케이션/NNG/*+의/JKG/*+이해/NNG/*
인공지능,,,,NNG,*,T,인공지능,*,*,*,*
인공지능과미래사회,,,,NNG,*,F,인공지능과미래사회,Compound,*,*,인공지능/NNG/*+과/JC/*+미래/NNG/*+사회/NNG/*
인공지능과블록체인,,,,NNG,*,T,인공지능과블록체인,Compound,*,*,인공지능/NNG/*+과/JC/*+블록체인/NNG/*
인공지능로봇의이해,,,,NNG,*,F,인공지능로봇의이해,Compound,*,*,인공지능/NNG/*+로봇/NNG/*+의/JKG/*+이해/NNG/*
인공지능의이해,,,,NNG,*,F,인공지능의이해,Compound,*,*,인공지능/NNG/*+의/JKG/*+이해/NNG/*
인더스트리얼디자인,,,,NNG,*,T,인더스트리얼디자인,Compound,*,*,인더스트/NNG/*+리얼/NNG/*+디자인/NNG/*
인더스트리얼디자인1,,,,NNG,*,T,인더스트리얼디자인1,Compound,*,*,인더스트/NNG/*+리얼/NNG/*+디자인/NNG/*+1/SN/*
인더스트리얼주얼리,,,,NNG,*,F,인더스트리얼주얼리,Compound,*,*,인더스트/NNG/*+리얼/NNG/*+주얼리/NNG/*
인더스트리얼주얼리1,,,,NNG,*,T,인더스트리얼주얼리1,Compound,*,*,인더스트/NNG/*+리얼/NNG/*+주얼리/NNG/*+1/SN/*
인류학과지역연구,,,,NNG,*,F,인류학과지역연구,Compound,*,*,인류학/NNG/*+과/JC/*+지역/NNG/*+연구/NNG/*
인류학에의초대,,,,NNG,*,F,인류학에의초대,Compound,*,*,인류학/NNG/*+에/JKB/*+의/JKG/*+초대/NNG/*
인류학의이론과역사,,,,NNG,*,F,인류학의이론과역사,Compound,*,*,인류학/NNG/*+의/JKG/*+이론/NNG/*+과/JC/*+역사/NNG/*
인류학현지조사및실습,,,,NNG,*,T,인류학현지조사및실습,Compound,*,*,인류학/NNG/*+현지/NNG/*+조사/NNG/*+및/MAJ/*+실습/NNG/*
인터랙티브프로토타입,,,,NNG,*,T,인터랙티브프로토타입,Compound,*,*,인터랙티브/NNG/*+프로토타입/NNG/*
인테리어서피스CAD,,,,NNG,*,T,인테리어서피스CAD,Compound,*,*,인테리어/NNG/*+서피스/NNG/*+CAD/NNP/*
인테리어서피스CAD1,,,,NNG,*,T,인테리어서피스CAD1,Compound,*,*,인테리어/NNG/*+서피스/NNG/*+CAD/NNP/*+1/SN/*
일러스트레이션과캐릭터디자인,,,,NNG,*,T,일러스트레이션과캐릭터디자인,Compound,*,*,일러스트레이션/NNG/*+과/JC/*+캐릭터디자인/NNG/*
일러스트레이션과캐릭터디자인1,,,,NNG,*,T,일러스트레이션과캐릭터디자인1,Compound,*,*,일러스트레이션/NNG/*+과/JC/*+캐릭터디자인/NNG/*+1/SN/*
일문학번역방법,,,,NNG,*,T,일문학번역방법,Compound,*,*,일문학/NNG/*+번역/NNG/*+방법/NNG/*
일반물리학,,,,NNG,*,T,일반물리학,Compound,*,*,일반/NNG/*+물리학/NNG/*
일반물리학1,,,,NNG,*,T,일반물리학1,Compound,*,*,일반/NNG/*+물리학/NNG/*+1/SN/*
일반물리학실험,,,,NNG,*,T,일반물리학실험,Compound,*,*,일반/NNG/*+물리학/NNG/*+실험/NNG/*
일반물리학실험1,,,,NNG,*,T,일반물리학실험1,Compound,*,*,일반/NNG/*+물리학/NNG/*+실험/NNG/*+1/SN/*
일반생물학,,,,NNG,*,T,일반생물학,Compound,*,*,일반/NNG/*+생물학/NNG/*
일반생물학1,,,,NNG,*,T,일반생물학1,Compound,*,*,일반/NNG/*+생물학/NNG/*+1/SN/*
일반생물학실험,,,,NNG,*,T,일반생물학실험,Compound,*,*,일반/NNG/*+생물학/NNG/*+실험/NNG/*
일반생물학실험1,,,,NNG,*,T,일반생물학실험1,Compound,*,*,일반/NNG/*+생물학/NNG/*+실험/NNG/*+1/SN/*
일반위상수학,,,,NNG,*,T,일반위상수학,Compound,*,*,일반/NNG/*+위상/NNG/*+수학/NNG/*
일반화학,,,,NNG,*,T,일반화학,Compound,*,*,일반/NNG/*+화학/NNG/*
일반화학1,,,,NNG,*,T,일반화학1,Compound,*,*,일반/NNG/*+화학/NNG/*+1/SN/*
일반화학실험,,,,NNG,*,T,일반화학실험,Compound,*,*,일반/NNG/*+화학/NNG/*+실험/NNG/*
일반화학실험1,,,,NNG,*,T,일반화학실험1,Compound,*,*,일반/NNG/*+화학/NNG/*+실험/NNG/*+1/SN/*
일본경제와동아시아의협력,,,,NNG,*,T,일본경제와동아시아의협력,Compound,*,*,일본/NNP/*+경제/NNG/*+와/JC/*+동아시아/NNP/*+의/JKG/*+협력/NNG/*
일본과국제사회,,,,NNG,*,F,일본과국제사회,Compound,*,*,일본/NNP/*+과/JC/*+국제/NNG/*+사회/NNG/*
일본문학과영화,,,,NNG,*,F,일본문학과영화,Compound,*,*,일본/NNP/*+문학/NNG/*+과/JC/*+영화/NNG/*
일본사회와문화,,,,NNG,*,F,일본사회와문화,Compound,*,*,일본/NNP/*+사회/NNG/*+와/JC/*+문화/NNG/*
일본어기초,,,,NNG,*,F,일본어기초,Compound,*,*,일본어/NNG/*+기초/NNG/*
일본어기초1,,,,NNG,*,T,일본어기초1,Compound,*,*,일본어/NNG/*+기초/NNG/*+1/SN/*
일본어문법,,,,NNG,*,T,일본어문법,Compound,*,*,일본어/NNP/*+문법/NNG/*
일본어문법1,,,,NNG,*,T,일본어문법1,Compound,*,*,일본어/NNP/*+문법/NNG/*+1/SN/*
일본어문장읽기,,,,NNG,*,F,일본어문장읽기,Compound,*,*,일본어/NNP/*+문장/NNG/*+읽/VV/*+기/ETN/*
일본어음성학기초,,,,NNG,*,F,일본어음성학기초,Compound,*,*,일본어/NNP/*+음성학/NNG/*+기초/NNG/*
일본의대중문화,,,,NNG,*,F,일본의대중문화,Compound,*,*,일본/NNG/*+의/JKG/*+대중/NNG/*+문화/NNG/*
일본의지역과문화,,,,NNG,*,F,일본의지역과문화,Compound,*,*,일본/NNP/*+의/JKG/*+지역/NNG/*+과/JC/*+문화/NNG/*
일본학과캡스톤디자인,,,,NNG,*,T,일본학과캡스톤디자인,Compound,*,*,일본/NNP/*+학과/NNG/*+캡스톤/NNP/*+디자인/NNG/*
일본학과캡스톤디자인1,,,,NNG,*,T,일본학과캡스톤디자인1,Compound,*,*,일본/NNP/*+학과/NNG/*+캡스톤/NNP/*+디자인/NNG/*+1/SN/*
일상과디자인,,,,NNG,*,T,일상과디자인,Compound,*,*,일상/NNG/*+과/JC/*+디자인/NNG/*
일상과디자인1,,,,NNG,*,T,일상과디자인1,Compound,*,*,일상/NNG/*+과/JC/*+디자인/NNG/*+1/SN/*
임베디드시스템설계,,,,NNG,*,F,임베디드시스템설계,Compound,*,*,임베디드/NNG/*+시스템/NNG/*+설계/NNG/*
임베디드운영체제,,,,NNG,*,F,임베디드운영체제,Compound,*,*,임베디드/NNG/*+운영/NNG/*+체제/NNG/*
입체조형디자인,,,,NNG,*,T,입체조형디자인,Compound,*,*,입체/NNG/*+조형/NNG/*+디자인/NNG/*
입체조형디자인1,,,,NNG,*,T,입체조형디자인1,Compound,*,*,입체/NNG/*+조형/NNG/*+디자인/NNG/*+1/SN/*
자가약물치료학,,,,NNG,*,T,자가약물치료학,Compound,*,*,자가/NNG/*+약물/NNG/*+치료학/NNG/*
자동제어,,,,NNG,*,F,자동제어,Compound,*,*,자동/NNG/*+제어/NNG/*
자료구조,,,,NNG,*,F,자료구조,Compound,*,*,자료/NNG/*+구조/NNG/*
자료구조론,,,,NNG,*,T,자료구조론,Compound,*,*,자료/NNG/*+구조/NNG/*+론/XSN/*
자바프로그래밍입문,,,,NNG,*,T,자바프로그래밍입문,Compound,*,*,자바/NNG/*+프로그래밍/NNG/*+입문/NNG/*
자연과건축,,,,NNG,*,T,자연과건축,Compound,*,*,자연/NNG/*+과/JC/*+건축/NNG/*
작가탐구의실제,,,,NNG,*,F,작가탐구의실제,Compound,*,*,작가/NNG/*+탐구/NNG/*+의/JKG/*+실제/NNG/*
장르문학의역사,,,,NNG,*,F,장르문학의역사,Compound,*,*,장르/NNG/*+문학/NNG/*+의/JKG/*+역사/NNG/*
재료강도학,,,,NNG,*,T,재료강도학,Compound,*,*,재료/NNG/*+강도학/NNG/*
재료공학개론,,,,NNG,*,T,재료공학개론,Compound,*,*,재료/NNG/*+공학/NNG/*+개론/NNG/*
재료과학,,,,NNG,*,T,재료과학,Compound,*,*,재료/NNG/*+과학/NNG/*
재료과학1,,,,NNG,*,T,재료과학1,Compound,*,*,재료/NNG/*+과학/NNG/*+1/SN/*
재료역학,,,,NNG,*,T,재료역학,Compound,*,*,재료/NNG/*+역학/NNG/*
재료학,,,,NNG,*,T,재료학,*,*,*,*
재료화공열역학,,,,NNG,*,T,재료화공열역학,Compound,*,*,재료/NNG/*+화공/NNG/*+열역학/NNG/*
재료화공캡스톤디자인,,,,NNG,*,T,재료화공캡스톤디자인,Compound,*,*,재료/NNG/*+화공/NNG/*+캡스톤/NNP/*+디자인/NNG/*
재료화공캡스톤디자인2,,,,NNG,*,T,재료화공캡스톤디자인2,Compound,*,*,재료/NNG/*+화공/NNG/*+캡스톤/NNP/*+디자인/NNG/*+2/SN/*
재료화학공학과연구실심화실습,,,,NNG,*,T,재료화학공학과연구실심화실습,Compound,*,*,재료/NNG/*+화학/NNG/*+공학/NNG/*+과/JC/*+연구실/NNG/*+심화/NNG/*+실습/NNG/*
재료화학공학과연구실심화실습1,,,,NNG,*,T,재료화학공학과연구실심화실습1,Compound,*,*,재료/NNG/*+화학/NNG/*+공학/NNG/*+과/JC/*+연구실/NNG/*+심화/NNG/*+실습/NNG/*+1/SN/*
재료화학공학과연구실심화실습3,,,,NNG,*,T,재료화학공학과연구실심화실습3,Compound,*,*,재료/NNG/*+화학/NNG/*+공학/NNG/*+과/JC/*+연구실/NNG/*+심화/NNG/*+실습/NNG/*+3/SN/*
재무경제학,,,,NNG,*,T,재무경제학,Compound,*,*,재무/NNG/*+경제학/NNG/*
재무경제학2,,,,NNG,*,T,재무경제학2,Compound,*,*,재무/NNG/*+경제학/NNG/*+2/SN/*
재무관리,,,,NNG,*,F,재무관리,Compound,*,*,재무/NNG/*+관리/NNG/*
재무제표분석,,,,NNG,*,T,재무제표분석,Compound,*,*,재무제표/NNG/*+분석/NNG/*
재즈앙상블,,,,NNG,*,T,재즈앙상블,Compound,*,*,재즈/NNG/*+앙상블/NNG/*
재즈앙상블1,,,,NNG,*,T,재즈앙상블1,Compound,*,*,재즈/NNG/*+앙상블/NNG/*+1/SN/*
재즈앙상블3,,,,NNG,*,T,재즈앙상블3,Compound,*,*,재즈/NNG/*+앙상블/NNG/*+3/SN/*
저널리즘의이해,,,,NNG,*,F,저널리즘의이해,Compound,*,*,저널리즘/NNG/*+의/JKG/*+이해/NNG/*
전공실기연구,,,,NNG,*,F,전공실기연구,Compound,*,*,전공/NNG/*+실기/NNG/*+연구/NNG/*
전공실기연구1,,,,NNG,*,T,전공실기연구1,Compound,*,*,전공/NNG/*+실기/NNG/*+연구/NNG/*+1/SN/*
전공실기연구3,,,,NNG,*,T,전공실기연구3,Compound,*,*,전공/NNG/*+실기/NNG/*+연구/NNG/*+3/SN/*
전공실기연구5,,,,NNG,*,T,전공실기연구5,Compound,*,*,전공/NNG/*+실기/NNG/*+연구/NNG/*+5/SN/*
전공실기연구7,,,,NNG,*,T,전공실기연구7,Compound,*,*,전공/NNG/*+실기/NNG/*+연구/NNG/*+7/SN/*
전공진로세미나,,,,NNG,*,F,전공진로세미나,Compound,*,*,전공/NNG/*+진로/NNG/*+세미나/NNG/*
전기기기,,,,NNG,*,F,전기기기,Compound,*,*,전기/NNG/*+기기/NNG/*
전기화학론,,,,NNG,*,T,전기화학론,Compound,*,*,전기/NNG/*+화학/NNG/*+론/XSN/*
전략경영론,,,,NNG,*,T,전략경영론,Compound,*,*,전략/NNG/*+경영/NNG/*+론/XSN/*
전략경영특강,,,,NNG,*,T,전략경영특강,Compound,*,*,전략/NNG/*+경영/NNG/*+특강/NNG/*
전략적글로벌캠페인,,,,NNG,*,T,전략적글로벌캠페인,Compound,*,*,전략/NNG/*+적/XSN/*+글로벌/NNG/*+캠페인/NNG/*
전략적기획론,,,,NNG,*,T,전략적기획론,Compound,*,*,전략/NNG/*+적/XSN/*+기획/NNG/*+론/XSN/*
전략적인적자원관리론,,,,NNG,*,T,전략적인적자원관리론,Compound,*,*,전략/NNG/*+적/XSN/*+인적/NNG/*+자원/NNG/*+관리/NNG/*+론/XSN/*
전력공학,,,,NNG,*,T,전력공학,Compound,*,*,전력/NNG/*+공학/NNG/*
전문체육인의방향모색,,,,NNG,*,T,전문체육인의방향모색,Compound,*,*,전문/NNG/*+체육인/NNG/*+의/JKG/*+방향/NNG/*+모색/NNG/*
전산물리응용,,,,NNG,*,T,전산물리응용,Compound,*,*,전산/NNG/*+물리/NNG/*+응용/NNG/*
전산통계학기초,,,,NNG,*,F,전산통계학기초,Compound,*,*,전산/NNG/*+통계학/NNG/*+기초/NNG/*
전자공학심화융합설계,,,,NNG,*,F,전자공학심화융합설계,Compound,*,*,전자/NNG/*+공학/NNG/*+심화/NNG/*+융합/NNG/*+설계/NNG/*
전자공학연구실심화실습,,,,NNG,*,T,전자공학연구실심화실습,Compound,*,*,전자/NNG/*+공학/NNG/*+연구실/NNG/*+심화/NNG/*+실습/NNG/*
전자공학연구실심화실습1,,,,NNG,*,T,전자공학연구실심화실습1,Compound,*,*,전자/NNG/*+공학/NNG/*+연구실/NNG/*+심화/NNG/*+실습/NNG/*+1/SN/*
전자공학연구실심화실습3,,,,NNG,*,T,전자공학연구실심화실습3,Compound,*,*,전자/NNG/*+공학/NNG/*+연구실/NNG/*+심화/NNG/*+실습/NNG/*+3/SN/*
전자공학캡스톤디자인,,,,NNG,*,T,전자공학캡스톤디자인,Compound,*,*,전자/NNG/*+공학/NNG/*+캡스톤/NNP/*+디자인/NNG/*
전자공학캡스톤디자인2,,,,NNG,*,T,전자공학캡스톤디자인2,Compound,*,*,전자/NNG/*+공학/NNG/*+캡스톤/NNP/*+디자인/NNG/*+2/SN/*
전자기학,,,,NNG,*,T,전자기학,*,*,*,*
전자기학1,,,,NNG,*,T,전자기학1,Compound,*,*,전자기학/NNG/*+1/SN/*
전자기학2,,,,NNG,*,T,전자기학2,Compound,*,*,전자기학/NNG/*+2/SN/*
전자기학개론,,,,NNG,*,T,전자기학개론,Compound,*,*,전자기학/NNG/*+개론/NNG/*
전자세라믹,,,,NNG,*,T,전자세라믹,Compound,*,*,전자/NNG/*+세라믹/NNG/*
전자재료물성,,,,NNG,*,T,전자재료물성,Compound,*,*,전자/NNG/*+재료/NNG/*+물성/NNG/*
전자회로,,,,NNG,*,F,전자회로,Compound,*,*,전자/NNG/*+회로/NNG/*
전자회로1,,,,NNG,*,T,전자회로1,Compound,*,*,전자/NNG/*+회로/NNG/*+1/SN/*
전자회로및제어,,,,NNG,*,F,전자회로및제어,Compound,*,*,전자/NNG/*+회로/NNG/*+및/MAJ/*+제어/NNG/*
전자회로설계,,,,NNG,*,F,전자회로설계,Compound,*,*,전자/NNG/*+회로/NNG/*+설계/NNG/*
전쟁으로읽는유럽사,,,,NNG,*,F,전쟁으로읽는유럽사,Compound,*,*,전쟁/NNG/*+으로/JKB/*+읽/VV/*+는/ETM/*+유럽/NNP/*+사/NNG/*
정량분석화학,,,,NNG,*,T,정량분석화학,Compound,*,*,정량/NNG/*+분석/NNG/*+화학/NNG/*
정량분석화학1,,,,NNG,*,T,정량분석화학1,Compound,*,*,정량/NNG/*+분석/NNG/*+화학/NNG/*+1/SN/*
정보검색론,,,,NNG,*,T,정보검색론,Compound,*,*,정보/NNG/*+검색/NNG/*+론/XSN/*
정보사회캡스톤디자인,,,,NNG,*,T,정보사회캡스톤디자인,Compound,*,*,정보/NNG/*+사회/NNG/*+캡스톤/NNP/*+디자인/NNG/*
정보사회캡스톤디자인1,,,,NNG,*,T,정보사회캡스톤디자인1,Compound,*,*,정보/NNG/*+사회/NNG/*+캡스톤/NNP/*+디자인/NNG/*+1/SN/*
정보사회학입문,,,,NNG,*,T,정보사회학입문,Compound,*,*,정보/NNG/*+사회학/NNG/*+입문/NNG/*
정보소자물리,,,,NNG,*,F,정보소자물리,Compound,*,*,정보/NNG/*+소자/NNG/*+물리/NNG/*
정보소자물리실험,,,,NNG,*,T,정보소자물리실험,Compound,*,*,정보/NNG/*+소자/NNG/*+물리/NNG/*+실험/NNG/*
정보이론,,,,NNG,*,T,정보이론,Compound,*,*,정보/NNG/*+이론/NNG/*
정신건강과현대사회,,,,NNG,*,F,정신건강과현대사회,Compound,*,*,정신/NNG/*+건강/NNG/*+과/JC/*+현대/NNG/*+사회/NNG/*
정역학,,,,NNG,*,T,정역학,*,*,*,*
정전기학,,,,NNG,*,T,정전기학,*,*,*,*
정치인류학,,,,NNG,*,T,정치인류학,Compound,*,*,정치/NNG/*+인류학/NNG/*
제약산업체/공공기관실무실습,,,,NNG,*,T,제약산업체/공공기관실무실습,Compound,*,*,제약/NNG/*+산업체/NNG/*+//SC/*+공공/NNG/*+기관/NNG/*+실무/NNG/*+실습/NNG/*
제어시스템공학,,,,NNG,*,T,제어시스템공학,Compound,*,*,제어/NNG/*+시스템/NNG/*+공학/NNG/*
제어시스템공학1,,,,NNG,*,T,제어시스템공학1,Compound,*,*,제어/NNG/*+시스템/NNG/*+공학/NNG/*+1/SN/*
제작실습,,,,NNG,*,T,제작실습,Compound,*,*,제작/NNG/*+실습/NNG/*
제작실습1,,,,NNG,*,T,제작실습1,Compound,*,*,제작/NNG/*+실습/NNG/*+1/SN/*
제작실습3,,,,NNG,*,T,제작실습3,Compound,*,*,제작/NNG/*+실습/NNG/*+3/SN/*
제작실습5,,,,NNG,*,T,제작실습5,Compound,*,*,제작/NNG/*+실습/NNG/*+5/SN/*
제제학,,,,NNG,*,T,제제학,*,*,*,*
조명디자인,,,,NNG,*,T,조명디자인,Compound,*,*,조명/NNG/*+디자인/NNG/*
조직리더십,,,,NNG,*,T,조직리더십,Compound,*,*,조직/NNG/*+리더십/NNG/*
졸업프로젝트,,,,NNG,*,F,졸업프로젝트,Compound,*,*,졸업/NNG/*+프로젝트/NNG/*
졸업프로젝트1,,,,NNG,*,T,졸업프로젝트1,Compound,*,*,졸업/NNG/*+프로젝트/NNG/*+1/SN/*
종교인류학,,,,NNG,*,T,종교인류학,Compound,*,*,종교/NNG/*+인류학/NNG/*
주얼리기초,,,,NNG,*,F,주얼리기초,Compound,*,*,주얼리/NNG/*+기초/NNG/*
주얼리기초1,,,,NNG,*,T,주얼리기초1,Compound,*,*,주얼리/NNG/*+기초/NNG/*+1/SN/*
주얼리와보석,,,,NNG,*,T,주얼리와보석,Compound,*,*,주얼리/NNG/*+와/JC/*+보석/NNG/*
주얼리와컴퓨터,,,,NNG,*,F,주얼리와컴퓨터,Compound,*,*,주얼리/NNG/*+와/JC/*+컴퓨터/NNG/*
주얼리와컴퓨터2,,,,NNG,*,T,주얼리와컴퓨터2,Compound,*,*,주얼리/NNG/*+와/JC/*+컴퓨터/NNG/*+2/SN/*
주얼리와컴퓨터4,,,,NNG,*,T,주얼리와컴퓨터4,Compound,*,*,주얼리/NNG/*+와/JC/*+컴퓨터/NNG/*+4/SN/*
주얼리왁스카빙,,,,NNG,*,T,주얼리왁스카빙,Compound,*,*,주얼리/NNG/*+왁스/NNG/*+카빙/NNG/*
줄기세포생물학,,,,NNG,*,T,줄기세포생물학,Compound,*,*,줄기/NNG/*+세포/NNG/*+생물학/NNG/*
중간대사론,,,,NNG,*,T,중간대사론,Compound,*,*,중간/NNG/*+대사/NNG/*+론/XSN/*
중국고전문학사,,,,NNG,*,F,중국고전문학사,Compound,*,*,중국/NNP/*+고전/NNG/*+문학사/NNG/*
중국문화창의탐구와개발,,,,NNG,*,T,중국문화창의탐구와개발,Compound,*,*,중국/NNP/*+문화/NNG/*+창의/NNG/*+탐구/NNG/*+와/JC/*+개발/NNG/*
중국사회와문화,,,,NNG,*,F,중국사회와문화,Compound,*,*,중국/NNP/*+사회/NNG/*+와/JC/*+문화/NNG/*
중국어실습,,,,NNG,*,T,중국어실습,Compound,*,*,중국어/NNG/*+실습/NNG/*
중국어통번역실습,,,,NNG,*,T,중국어통번역실습,Compound,*,*,중국어/NNG/*+통/MAG/*+번역/NNG/*+실습/NNG/*
중국어학개설,,,,NNG,*,T,중국어학개설,Compound,*,*,중국/NNP/*+어학/NNG/*+개설/NNG/*
중국인의삶과생각,,,,NNG,*,T,중국인의삶과생각,Compound,*,*,중국인/NNG/*+의/JKG/*+삶/NNG/*+과/JC/*+생각/NNG/*
중국정치와외교,,,,NNG,*,F,중국정치와외교,Compound,*,*,중국/NNP/*+정치/NNG/*와/JC/*+외교/NNG/*
중국투자환경과시장,,,,NNG,*,T,중국투자환경과시장,Compound,*,*,중국/NNP/*+투자/NNG/*+환경/NNG/*+과/JC/*+시장/NNG/*
중국학개론,,,,NNG,*,T,중국학개론,Compound,*,*,중국학/NNG/*+개론/NNG/*
중국학과캡스톤디자인,,,,NNG,*,T,중국학과캡스톤디자인,Compound,*,*,중국/NNP/*+학과/NNG/*+캡스톤/NNP/*+디자인/NNG/*
중국학과캡스톤디자인1,,,,NNG,*,T,중국학과캡스톤디자인1,Compound,*,*,중국/NNP/*+학과/NNG/*+캡스톤/NNP/*+디자인/NNG/*+1/SN/*
중국현당대인문학,,,,NNG,*,T,중국현당대인문학,Compound,*,*,중국/NNP/*+현/MM/*+당대/NNG/*+인문학/NNG/*
중급델프,,,,NNG,*,F,중급델프,Compound,*,*,중급/NNP/*+델프/NNG/*
중급보험수리학,,,,NNG,*,T,중급보험수리학,Compound,*,*,중급/NNG/*+보험/NNG/*+수리학/NNG/*
중급일본어회화,,,,NNG,*,F,중급일본어회화,Compound,*,*,중급/NNG/*+일본어/NNG/*+회화/NNG/*
중급일본어회화1,,,,NNG,*,T,중급일본어회화1,Compound,*,*,중급/NNG/*+일본어/NNG/*+회화/NNG/*+1/SN/*
중급중국어독해,,,,NNG,*,F,중급중국어독해,Compound,*,*,중급/NNG/*+중국어/NNG/*+독해/NNG/*
중급중국어작문,,,,NNG,*,T,중급중국어작문,Compound,*,*,중급/NNG/*+중국어/NNG/*+작문/NNG/*
중급중국어청취,,,,NNG,*,F,중급중국어청취,Compound,*,*,중급/NNG/*+중국어/NNG/*+청취/NNG/*
중급중국어회화,,,,NNG,*,F,중급중국어회화,Compound,*,*,중급/NNG/*+중국어/NNG/*+회화/NNG/*
중급프랑스어회화,,,,NNG,*,F,중급프랑스어회화,Compound,*,*,중급/NNG/*+프랑스어/NNP/*+회화/NNG/*
중급프랑스어회화1,,,,NNG,*,T,중급프랑스어회화1,Compound,*,*,중급/NNG/*+프랑스어/NNP/*+회화/NNG/*+1/SN/*
중급회계,,,,NNG,*,F,중급회계,Compound,*,*,중급/NNG/*+회계/NNG/*
중급회계1,,,,NNG,*,T,중급회계1,Compound,*,*,중급/NNG/*+회계/NNG/*+1/SN/*
중급회계3,,,,NNG,*,T,중급회계3,Compound,*,*,중급/NNG/*+회계/NNG/*+3/SN/*
즉흥연주기법,,,,NNG,*,T,즉흥연주기법,Compound,*,*,즉흥/NNG/*+연주/NNG/*+기법/NNG/*
즉흥연주기법1,,,,NNG,*,T,즉흥연주기법1,Compound,*,*,즉흥/NNG/*+연주/NNG/*+기법/NNG/*+1/SN/*
증권투자론,,,,NNG,*,T,증권투자론,Compound,*,*,증권/NNG/*+투자/NNG/*+론/XSN/*
지구과학,,,,NNG,*,T,지구과학,Compound,*,*,지구/NNG/*+과학/NNG/*
지역문화심층연구,,,,NNG,*,F,지역문화심층연구,Compound,*,*,지역/NNG/*+문화/NNG/*+심층/NNG/*+연구/NNG/*
직조니트디자인,,,,NNG,*,T,직조니트디자인,Compound,*,*,직조/NNG/*+니트/NNG/*+디자인/NNG/*
직조니트디자인2,,,,NNG,*,T,직조니트디자인2,Compound,*,*,직조/NNG/*+니트/NNG/*+디자인/NNG/*+2/SN/*
집단지성,,,,NNG,*,T,집단지성,Compound,*,*,집단/NNG/*+지성/NNG/*
집적회로,,,,NNG,*,F,집적회로,*,*,*,*
창업경영시뮬레이션,,,,NNG,*,T,창업경영시뮬레이션,Compound,*,*,창업/NNG/*+경영/NNG/*+시뮬레이션/NNG/*
창업과기업가정신,,,,NNG,*,T,창업과기업가정신,Compound,*,*,창업/NNG/*+과/JC/*+기업가/NNG/*+정신/NNG/*
창업과사업기획,,,,NNG,*,T,창업과사업기획,Compound,*,*,창업/NNG/*+과/JC/*+사업/NNG/*+기획
창업과지적재산권,,,,NNG,*,T,창업과지적재산권,Compound,*,*,창업/NNG/*+과/JC/*+지적/NNG/*+재산/NNG/*+권/XSN/*
창업아이디어개발,,,,NNG,*,T,창업아이디어개발,Compound,*,*,창업/NNG/*+아이디어/NNG/*+개발/NNG/*
창의공학특강,,,,NNG,*,T,창의공학특강,Compound,*,*,창의/NNG/*+공학/NNG/*+특강/NNG/*
창의구현3D모델링기초실습,,,,NNG,*,T,창의구현3D모델링기초실습,Compound,*,*,창의/NNG/*+구현/NNG/*+3D/NNP/*+모델링/NNG/*+기초/NNG/*+실습/NNG/*
창의융합설계,,,,NNG,*,F,창의융합설계,Compound,*,*,창의/NNG/*+융합/NNG/*+설계/NNG/*
창의융합프로젝트,,,,NNG,*,F,창의융합프로젝트,Compound,*,*,창의/NNG/*+융합/NNG/*+프로젝트/NNG/*
창의융합프로젝트1,,,,NNG,*,T,창의융합프로젝트1,Compound,*,*,창의/NNG/*+융합/NNG/*+프로젝트/NNG/*+1/SN/*
창의적발상법,,,,NNG,*,T,창의적발상법,Compound,*,*,창의/NNG/*+적/XSN/*+발상/NNG/*+법/NNG/*
창의적방법을통한안무교수법,,,,NNG,*,T,창의적방법을통한안무교수법,Compound,*,*,창의/NNG/*+적/XSN/*+방법/NNG/*+을/JKO/*+통한/VV+ETM/*+안무/NNG/*+교수법/NNG/*
창의적영어읽기,,,,NNG,*,F,창의적영어읽기,Compound,*,*,창의/NNG/*+적/XSN/*+영어/NNG/*+읽/VV/*+기/ETN/*
창의적영어읽기-고급,,,,NNG,*,T,창의적영어읽기-고급,Compound,*,*,창의/NNG/*+적/XSN/*+영어/NNG/*+읽/VV/*+기/ETN/*+-/SY/*+고급/NNG/*
창의적영어읽기-중급,,,,NNG,*,T,창의적영어읽기-중급,Compound,*,*,창의/NNG/*+적/XSN/*+영어/NNG/*+읽/VV/*+기/ETN/*+-/SY/*+중급/NNG/*
창의적영어읽기-초급,,,,NNG,*,T,창의적영어읽기-초급,Compound,*,*,창의/NNG/*+적/XSN/*+영어/NNG/*+읽/VV/*+기/ETN/*+-/SY/*+초급/NNG/*
창의캡스톤디자인,,,,NNG,*,T,창의캡스톤디자인,Compound,*,*,창의/NNG/*+캡스톤/NNP/*+디자인/NNG/*
창의캡스톤디자인1,,,,NNG,*,T,창의캡스톤디자인1,Compound,*,*,창의/NNG/*+캡스톤/NNP/*+디자인/NNG/*+1/SN/*
채움과비움,,,,NNG,*,T,채움과비움,Compound,*,*,채움/VV+ETN/*+과/JC/*+비움/VV+ETN/*
채움과비움:나이듦의인문학적이해,,,,NNG,*,F,채움과비움:나이듦의인문학적이해,Compound,*,*,채움/VV+ETN/*+과/JC/*+비움/VV+ETN/*+:/SC/*+나이/NNG/*+듦/VV+ETN/*+의/JKG/*+인문학/NNG/*+적/XSN/*+이해/NNG/*
철강공정,,,,NNG,*,T,철강공정,Compound,*,*,철강/NNG/*+공정/NNG/*
철골구조설계,,,,NNG,*,F,철골구조설계,Compound,*,*,철골/NNG/*+구조/NNG/*+설계/NNG/*
철골구조설계2,,,,NNG,*,T,철골구조설계2,Compound,*,*,철골/NNG/*+구조/NNG/*+설계/NNG/*+2/SN/*
철근콘크리트구조설계,,,,NNG,*,F,철근콘크리트구조설계,Compound,*,*,철근/NNG/*+콘크리트/NNG/*+구조/NNG/*+설계/NNG/*
철학과인간가치,,,,NNG,*,F,철학과인간가치,Compound,*,*,철학/NNG/*+과/JC/*+인간/NNG/*+가치/NNG/*
철학입문,,,,NNG,*,T,철학입문,Compound,*,*,철학/NNG/*+입문/NNG/*
첨단기술과미래산업,,,,NNG,*,T,첨단기술과미래산업,Compound,*,*,첨단/NNG/*+기술/NNG/*+과/JC/*+미래/NNG/*+산업/NNG/*
체육측정평가,,,,NNG,*,F,체육측정평가,Compound,*,*,체육/NNG/*+측정/NNG/*+평가/NNG/*
초급영문독해,,,,NNG,*,F,초급영문독해,Compound,*,*,초급/NNG/*+영문/NNG/*+독해/NNG/*
초급중국어,,,,NNG,*,F,초급중국어,Compound,*,*,초급/NNG/*+중국어/NNG/*
초급중국어회화,,,,NNG,*,F,초급중국어회화,Compound,*,*,초급/NNG/*+중국어/NNG/*+회화/NNG/*
초급중국어회화1,,,,NNG,*,T,초급중국어회화1,Compound,*,*,초급/NNG/*+중국어/NNG/*+회화/NNG/*+1/SN/*
초급프랑스어회화,,,,NNG,*,F,초급프랑스어회화,Compound,*,*,초급/NNG/*+프랑스어/NNP/*+회화/NNG/*
초급프랑스어회화1,,,,NNG,*,T,초급프랑스어회화1,Compound,*,*,초급/NNG/*+프랑스어/NNP/*+회화/NNG/*+1/SN/*
초우량기업의조건,,,,NNG,*,T,초우량기업의조건,Compound,*,*,초/XPN/*+우량/NNG/*+기업/NNG/*+의/JKG/*+조건/NNG/*
최신공정제어,,,,NNG,*,F,최신공정제어,Compound,*,*,최신/NNG/*+공정/NNG/*+제어/NNG/*
최적화이론및응용,,,,NNG,*,T,최적화이론및응용,Compound,*,*,최적화/NNG/*+이론/NNG/*+및/MAJ/*+응용/NNG/*
축구,,,,NNG,*,F,축구,*,*,*,*
축구1,,,,NNG,*,T,축구1,Compound,*,*,축구/NNG/*+1/SN/*
출판기획론,,,,NNG,*,T,출판기획론,Compound,*,*,출판/NNG/*+기획/NNG/*+론/XSN/*
취업리더십,,,,NNG,*,T,취업리더십,Compound,*,*,취업/NNG/*+리더십/NNG/*
취업리더십1:성공DNA,,,,NNG,*,T,취업리더십1:성공DNA,Compound,*,*,취업/NNG/*+리더십/NNG/*+1/SN/*+:/SC/*+성공/NNG/*+DNA/SL/*
취업실전면접,,,,NNG,*,T,취업실전면접,Compound,*,*,취업/NNG/*+실전/NNG/*+면접/NNG/*
층서퇴적학,,,,NNG,*,T,층서퇴적학,Compound,*,*,층서/NNG/*+퇴적학/NNG/*
친환경스마트빌딩시스템,,,,NNG,*,T,친환경스마트빌딩시스템,Compound,*,*,친환경/NNG/*+스마트/NNG/*+빌딩/NNG/*+시스템/NNG/*
캡스톤디자인,,,,NNG,*,T,캡스톤디자인,Compound,*,*,캡스톤/NNP/*+디자인/NNG/*
캡스톤디자인1,,,,NNG,*,T,캡스톤디자인1,Compound,*,*,캡스톤/NNP/*+디자인/NNG/*+1/SN/*
캡스톤디자인프로젝트,,,,NNG,*,F,캡스톤디자인프로젝트,Compound,*,*,캡스톤/NNP/*+디자인/NNG/*+프로젝트/NNG/*
캡스톤디자인프로젝트1,,,,NNG,*,T,캡스톤디자인프로젝트1,Compound,*,*,캡스톤/NNP/*+디자인/NNG/*+프로젝트/NNG/* +1/SN/*
커뮤니케이션디자인방법론,,,,NNG,*,T,커뮤니케이션디자인방법론,Compound,*,*,커뮤니케이션/NNG/*+디자인/NNG/*+방법/NNG/*+론/XSN/*
커뮤니케이션론,,,,NNG,*,T,커뮤니케이션론,Compound,*,*,커뮤니케이션/NNG/*+론/XSN/*
커뮤니케이션연구방법,,,,NNG,*,T,커뮤니케이션연구방법,Compound,*,*,커뮤니케이션/NNG/*+연구/NNG/*+방법/NNG/*
커뮤니케이션학의이해,,,,NNG,*,F,커뮤니케이션학의이해,Compound,*,*,커뮤니케이션학/NNG/*+의/JKG/*+이해/NNG/*
컨텐츠설계방법론,,,,NNG,*,T,컨텐츠설계방법론,Compound,*,*,컨텐츠/NNG/*+설계/NNG/*+방법/NNG/*+론/XSN/*
컨템포러리주얼리,,,,NNG,*,F,컨템포러리주얼리,Compound,*,*,컨템포러리/NNG/*+주얼리/NNG/*
컨템포러리주얼리1,,,,NNG,*,T,컨템포러리주얼리1,Compound,*,*,컨템포러리/NNG/*+주얼리/NNG/*+1/SN/*
컴퓨터개론,,,,NNG,*,T,컴퓨터개론,Compound,*,*,컴퓨터/NNG/*+개론/NNG/*
컴퓨터공학연구실심화실습,,,,NNG,*,T,컴퓨터공학연구실심화실습,Compound,*,*,컴퓨터/NNG/*+공학/NNG/*+연구실/NNG/*+심화/NNG/*+실습/NNG/*
컴퓨터공학연구실심화실습1,,,,NNG,*,T,컴퓨터공학연구실심화실습1,Compound,*,*,컴퓨터/NNG/*+공학/NNG/*+연구실/NNG/*+심화/NNG/*+실습/NNG/*+1/SN/*
컴퓨터공학연구실심화실습3,,,,NNG,*,T,컴퓨터공학연구실심화실습3,Compound,*,*,컴퓨터/NNG/*+공학/NNG/*+연구실/NNG/*+심화/NNG/*+실습/NNG/*+3/SN/*
컴퓨터구조,,,,NNG,*,F,컴퓨터구조,Compound,*,*,컴퓨터/NNG/*+구조/NNG/*
컴퓨터구조론,,,,NNG,*,T,컴퓨터구조론,Compound,*,*,컴퓨터/NNG/*+구조/NNG/*+론/XSN/*
컴퓨터구조및운영체제,,,,NNG,*,F,컴퓨터구조및운영체제,Compound,*,*,컴퓨터/NNG/*+구조/NNG/*+및/MAJ/*+운영/NNG/*+체제/NNG/*
컴퓨터그래픽스,,,,NNG,*,F,컴퓨터그래픽스,Compound,*,*,컴퓨터/NNG/*+그래픽스/NNG/*
컴퓨터그래픽응용,,,,NNG,*,T,컴퓨터그래픽응용,Compound,*,*,컴퓨터/NNG/*+그래픽/NNG/*+응용/NNG/*
컴퓨터네트워크,,,,NNG,*,F,컴퓨터네트워크,Compound,*,*,컴퓨터/NNG/*+네트워크/NNG/*
컴퓨터네트워크2,,,,NNG,*,T,컴퓨터네트워크2,Compound,*,*,컴퓨터/NNG/*+네트워크/NNG/*+2/SN/*
컴퓨터시스템설계,,,,NNG,*,F,컴퓨터시스템설계,Compound,*,*,컴퓨터/NNG/*+시스템/NNG/*+설계/NNG/*
컴퓨터와디자인,,,,NNG,*,T,컴퓨터와디자인,Compound,*,*,컴퓨터/NNG/*+와/JC/*+디자인/NNG/*
컴퓨터음악,,,,NNG,*,T,컴퓨터음악,Compound,*,*,컴퓨터/NNG/*+음악/NNG/*
컴퓨터음악1,,,,NNG,*,T,컴퓨터음악1,Compound,*,*,컴퓨터/NNG/*+음악/NNG/*+1/SN/*
컴퓨터음악3,,,,NNG,*,T,컴퓨터음악3,Compound,*,*,컴퓨터/NNG/*+음악/NNG/*+3/SN/*
컴퓨터지원설계,,,,NNG,*,F,컴퓨터지원설계,Compound,*,*,컴퓨터/NNG/*+지원/NNG/*+설계/NNG/*
컴퓨터체제,,,,NNG,*,F,컴퓨터체제,Compound,*,*,컴퓨터/NNG/*+체제/NNG/*
컴퓨터캡스톤디자인2,,,,NNG,*,T,컴퓨터캡스톤디자인2,Compound,*,*,컴퓨터/NNG/*+캡스톤/NNG/*+디자인/NNG/*+2/SN/*
컴퓨팅과데이터처리,,,,NNG,*,F,컴퓨팅과데이터처리,Compound,*,*,컴퓨팅/NNG/*+과/JC/*+데이터/NNG/*+처리/NNG/*
크리에이티브비디오,,,,NNG,*,F,크리에이티브비디오,Compound,*,*,크리에이티브/NNG/*+비디오/NNG/*
크리에이티브에드버타이징카피라이팅,,,,NNG,*,T,크리에이티브에드버타이징카피라이팅,Compound,*,*,크리에이티브/NNG/*+에드버타이징/NNG/*+카피라이팅/NNG/*
크리에이티브워크샵,,,,NNG,*,T,크리에이티브워크샵,Compound,*,*,크리에이티브/NNG/*+워크샵/NNG/*
크리에이티브프로그래밍,,,,NNG,*,T,크리에이티브프로그래밍,Compound,*,*,크리에이티브/NNG/*+프로그래밍/NNG/*
크리에이티브프로그래밍1,,,,NNG,*,T,크리에이티브프로그래밍1,Compound,*,*,크리에이티브/NNG/*+프로그래밍/NNG/*+1/SN/*
크리에이티브프로토타이핑,,,,NNG,*,T,크리에이티브프로토타이핑,Compound,*,*,크리에이티브/NNG/*+프로토타이핑/NNG/*
클라스피아노,,,,NNG,*,F,클라스피아노,Compound,*,*,클라스/NNG/*+피아노/NNG/*
클라스피아노1,,,,NNG,*,T,클라스피아노1,Compound,*,*,클라스/NNG/*+피아노/NNG/*+1/SN/*
클러스터,,,,NNG,*,F,클러스터,*,*,*,*
키치와팝아트,,,,NNG,*,F,키치와팝아트,Compound,*,*,키치/NNG/*+와/JC/*+팝아트/NNG/*
타이포그래피,,,,NNG,*,F,타이포그래피,Compound,*,*,타이포그래피/NNG/*
타이포그래피1,,,,NNG,*,T,타이포그래피1,Compound,*,*,타이포그래피/NNG/*+1/SN/*
탁구,,,,NNG,*,F,*,Compound,*,*,*
태권도,,,,NNG,*,F,*,Compound,*,*,*
테니스,,,,NNG,*,F,*,Compound,*,*,*
테이블웨어디자인,,,,NNG,*,T,테이블웨어디자인,Compound,*,*,테이블/NNG/*+웨어/NNG/*+디자인/NNG/*
테이블웨어디자인1,,,,NNG,*,T,테이블웨어디자인1,Compound,*,*,테이블/NNG/*+웨어/NNG/*+디자인/NNG/*+1/SN/*
테크놀로지와예술,,,,NNG,*,T,테크놀로지와예술,Compound,*,*,테크놀로지/NNG/*+와/JC/*+예술/NNG/*
테크놀로지와예술&미디어,,,,NNG,*,F,테크놀로지와예술&미디어,Compound,*,*,테크놀로지/NNG/*+와/JC/*+예술/NNG/*+&/SY/*+미디어/NNG/*
토론과협상,,,,NNG,*,T,토론과협상,Compound,*,*,토론/NNG/*+과/JC/*+협상/NNG/*
통계적품질관리,,,,NNG,*,F,통계적품질관리,Compound,*,*,통계/NNG/*+적/XSN/*+품질/NNG/*+관리/NNG/*
통계학개론,,,,NNG,*,T,통계학개론,Compound,*,*,통계학/NNG/*+개론/NNG/*
통상중국어,,,,NNG,*,F,통상중국어,Compound,*,*,통상/NNG/*+중국어/NNG/*
통신시스템,,,,NNG,*,T,통신시스템,Compound,*,*,통신/NNG/*+시스템/NNG/*
통신시스템2,,,,NNG,*,T,통신시스템2,Compound,*,*,통신/NNG/*+시스템/NNG/*+2/SN/*
통역의기초,,,,NNG,*,F,통역의기초,Compound,*,*,통역/NNG/*+의/JKG/*+기초/NNG/*
통합공학,,,,NNG,*,T,통합공학,Compound,*,*,통합/NNG/*+공학/NNG/*
통합예술프로그램이해,,,,NNG,*,F,통합예술프로그램이해,Compound,*,*,통합/NNG/*+예술/NNG/*+프로그램/NNG/*+이해/NNG/*
특수교육학개론,,,,NNG,*,T,특수교육학개론,Compound,*,*,특수/NNG/*+교육학/NNG/*+개론/NNG/*
특허로취업하기,,,,NNG,*,F,특허로취업하기,Compound,*,*,특허/NNG/*+로/JKB/*+취업/NNG/*+하/XSV/*+기/ETN/*
특허와협상1,,,,NNG,*,T,특허와협상1,Compound,*,*,특허/NNG/*+와/JC/*+협상/NNG/*+1/SN/*
파동역학,,,,NNG,*,T,파동역학,Compound,*,*,파동/NNG/*+역학/NNG/*
팝앙상블,,,,NNG,*,T,팝앙상블,Compound,*,*,팝/NNG/*+앙상블/NNG/*
팝앙상블1,,,,NNG,*,T,팝앙상블1,Compound,*,*,팝/NNG/*+앙상블/NNG/*+1/SN/*
패브릭스타일링,,,,NNG,*,T,패브릭스타일링,Compound,*,*,패브릭/NNG/*+스타일링/NNG/*
패션그래픽,,,,NNG,*,T,패션그래픽,Compound,*,*,패션/NNG/*+그래픽/NNG/*
패션디자인기획,,,,NNG,*,T,패션디자인기획,Compound,*,*,패션/NNG/*+디자인/NNG/*+기획/NNG/*
패션마케팅과머천다이징의실제,,,,NNG,*,F,패션마케팅과머천다이징의실제,Compound,*,*,패션/NNG/*+마케팅/NNG/*+과/JC/*+머천다이징/NNG/*+의/JC/*+실제/NNG/*
패션일러스트레이션,,,,NNG,*,T,패션일러스트레이션,Compound,*,*,패션/NNG/*+일러스트레이션/NNG/*
패션재료정보,,,,NNG,*,F,패션재료정보,Compound,*,*,패션/NNG/*+재료/NNG/*+정보/NNG/*
패션주얼리,,,,NNG,*,F,패션주얼리,Compound,*,*,패션/NNG/*+주얼리/NNG/*
패션주얼리1,,,,NNG,*,T,패션주얼리1,Compound,*,*,패션/NNG/*+주얼리/NNG/*+1/SN/*
패키지디자인매니지먼트,,,,NNG,*,F,패키지디자인매니지먼트,Compound,*,*,패키지/NNG/*+디자인/NNG/*+매니지먼트/NNG/*
패키지커뮤니케이션디자인,,,,NNG,*,T,패키지커뮤니케이션디자인,Compound,*,*,패키지/NNG/*+커뮤니케이션/NNG/*+디자인/NNG/*
패키지커뮤니케이션디자인1,,,,NNG,*,T,패키지커뮤니케이션디자인1,Compound,*,*,패키지/NNG/*+커뮤니케이션/NNG/*+디자인/NNG/*+1/SN/*
편곡법,,,,NNG,*,T,편곡법,Compound,*,*,편곡/NNG/*+법/NNG/*
편곡법1,,,,NNG,*,T,편곡법1,Compound,*,*,편곡/NNG/*+법/NNG/*+1/SN/*
편집디자인,,,,NNG,*,T,편집디자인,Compound,*,*,편집/NNG/*+디자인/NNG/*
편집디자인1,,,,NNG,*,T,편집디자인1,Compound,*,*,편집/NNG/*+디자인/NNG/*+1/SN/*
폐기물처리공학,,,,NNG,*,T,폐기물처리공학,Compound,*,*,폐기물/NNG/*+처리/NNG/*+공학/NNG/*
포장설계,,,,NNG,*,F,포장설계,Compound,*,*,포장/NNG/*+설계/NNG/*
품질인증및시험·평가기술의이해,,,,NNG,*,F,품질인증및시험·평가기술의이해,Compound,*,*,품질/NNG/*+인증/NNG/*+및/MAJ/*+시험/NNG/*+·/SC/*+평가/NNG/*+기술/NNG/*+의/JKG/*+이해/NNG/*
프랑스단편읽기,,,,NNG,*,F,프랑스단편읽기,Compound,*,*,프랑스/NNP/*+단편/NNG/*+읽/VV/*+기/ETN/*
프랑스문학의이해,,,,NNG,*,F,프랑스문학의이해,Compound,*,*,프랑스/NNP/*+문학/NNG/*+의/JKG/*+이해/NNG/*
프랑스사회와문화,,,,NNG,*,F,프랑스사회와문화,Compound,*,*,프랑스/NNP/*+사회/NNG/*+와/JC/*+문화/NNG/*
프랑스소설읽기,,,,NNG,*,F,프랑스소설읽기,Compound,*,*,프랑스/NNP/*+소설/NNG/*+읽/VV/*+기/ETN/*
프랑스어문법,,,,NNG,*,T,프랑스어문법,Compound,*,*,프랑스어/NNP/*+문법/NNG/*
프랑스어문법1,,,,NNG,*,T,프랑스어문법1,Compound,*,*,프랑스어/NNP/*+문법/NNG/*+1/SN/*
프랑스어발음연습,,,,NNG,*,T,프랑스어발음연습,Compound,*,*,프랑스어/NNP/*+발음/NNG/*+연습/NNG/*
프랑스예술문화,,,,NNG,*,F,프랑스예술문화,Compound,*,*,프랑스/NNP/*+예술/NNG/*+문화/NNG/*
프랑스학과캡스톤디자인,,,,NNG,*,T,프랑스학과캡스톤디자인,Compound,*,*,프랑스/NNP/*+학과/NNG/*+캡스톤/NNP/*+디자인/NNG/*
프랑스학과캡스톤디자인1,,,,NNG,*,T,프랑스학과캡스톤디자인1,Compound,*,*,프랑스/NNP/*+학과/NNG/*+캡스톤/NNP/*+디자인/NNG/*+1/SN/*
프로그래밍,,,,NNG,*,T,프로그래밍,*,*,*,*
프로그래밍2,,,,NNG,*,T,프로그래밍2,Compound,*,*,프로그래밍/NNG/*+2/SN/*
프로그래밍기초,,,,NNG,*,F,프로그래밍기초,Compound,*,*,프로그래밍/NNG/*+기초/NNG/*
프로그래밍기초실습,,,,NNG,*,T,프로그래밍기초실습,Compound,*,*,프로그래밍/NNG/*+기초/NNG/*+실습/NNG/*
프로그래밍설계방법론,,,,NNG,*,T,프로그래밍설계방법론,Compound,*,*,프로그래밍/NNG/*+설계/NNG/*+방법/NNG/*+론/XSN/*
프로그래밍실습,,,,NNG,*,T,프로그래밍실습,Compound,*,*,프로그래밍/NNG/*+실습/NNG/*
프로그래밍언어론,,,,NNG,*,T,프로그래밍언어론,Compound,*,*,프로그래밍/NNG/*+언어/NNG/*+론/XSN/*
프로그래밍응용,,,,NNG,*,T,프로그래밍응용,Compound,*,*,프로그래밍/NNG/*+응용/NNG/*
프로그램설계방법론기초,,,,NNG,*,F,프로그램설계방법론기초,Compound,*,*,프로그램/NNG/*+설계/NNG/*+방법/NNG/*+론/XSN/*+기초/NNG/*
프로덕트디자인,,,,NNG,*,T,프로덕트디자인,Compound,*,*,프로덕트/NNG/*+디자인/NNG/*
프로덕트디자인1,,,,NNG,*,T,프로덕트디자인1,Compound,*,*,프로덕트/NNG/*+디자인/NNG/*+1/SN/*
프리젠테이션기술과피칭전략,,,,NNG,*,T,프리젠테이션기술과피칭전략,Compound,*,*,프리젠테이션/NNG/*+기술/NNG/*+과/JC/*+피칭/NNG/*+전략/NNG/*
피지컬컴퓨팅,,,,NNG,*,T,피지컬컴퓨팅,Compound,*,*,피지컬/NNG/*+컴퓨팅/NNG/*
피지컬트레이닝,,,,NNG,*,T,피지컬트레이닝,Compound,*,*,피지컬/NNG/*+트레이닝/NNG/*
피지컬트레이닝1,,,,NNG,*,T,피지컬트레이닝1,Compound,*,*,피지컬/NNG/*+트레이닝/NNG/*+1/SN/*
학부생연구실습,,,,NNG,*,T,학부생연구실습,Compound,*,*,학부생/NNG/*+연구/NNG/*+실습/NNG/*
학부생연구실습1,,,,NNG,*,T,학부생연구실습1,Compound,*,*,학부생/NNG/*+연구/NNG/*+실습/NNG/*+1/SN/*
학술영어,,,,NNG,*,F,학술영어,Compound,*,*,학술/NNG/*+영어/NNG/*
학술영어1,,,,NNG,*,T,학술영어1,Compound,*,*,학술/NNG/*+영어/NNG/*+1/SN/*
학술영어1:통합,,,,NNG,*,T,학술영어1:통합,Compound,*,*,학술/NNG/*+영어/NNG/*+1/SN/*+:/SC/*+통합/NNG/*
한국근현대사,,,,NNG,*,F,한국근현대사,Compound,*,*,한국/NNP/*+근현대사/NNG/*
한국무용실기,,,,NNG,*,F,한국무용실기,Compound,*,*,한국/NNP/*+무용/NNG/*+실기/NNG/*
한국문학과심리치료,,,,NNG,*,F,한국문학과심리치료,Compound,*,*,한국/NNP/*+문학/NNG/*+과/JC/*+심리/NNG/*+치료/NNG/*
한국문학의이해,,,,NNG,*,F,한국문학의이해,Compound,*,*,한국/NNP/*+문학/NNG/*+의/JKG/*+이해/NNG/*
한국문화와콘텐츠개발,,,,NNG,*,T,한국문화와콘텐츠개발,Compound,*,*,한국/NNP/*+문화/NNG/*+와/JC/*+콘텐츠/NNG/*+개발/NNG/*
한국선사고고학,,,,NNG,*,T,한국선사고고학,Compound,*,*,한국/NNP/*+선사/NNG/*+고고학/NNG/*
한국어강좌,,,,NNG,*,F,한국어강좌,Compound,*,*,한국어/NNG/*+강좌/NNG/*
한국어교육론,,,,NNG,*,T,한국어교육론,Compound,*,*,한국어/NNG/*+교육/NNG/*+론/XSN/*
한국어의발음,,,,NNG,*,T,한국어의발음,Compound,*,*,한국어/NNG/*+의/JKG/*+발음/NNG/*
한국언어문학과캡스톤디자인,,,,NNG,*,T,한국언어문학과캡스톤디자인,Compound,*,*,한국/NNP/*+언어/NNG/*+문학/NNG/*+과/JC/*+캡스톤/NNP/*+디자인/NNG/*
한국언어문학과캡스톤디자인1,,,,NNG,*,T,한국언어문학과캡스톤디자인1,Compound,*,*,한국/NNP/*+언어/NNG/*+문학/NNG/*+과/JC/*+캡스톤/NNP/*+디자인/NNG/*+1/SN/*
한국의문화와역사,,,,NNG,*,F,한국의문화와역사,Compound,*,*,한국/NNP/*+의/JKG/*+문화/NNG/*+와/JC/*+역사/NNG/*
한류와한국문화,,,,NNG,*,F,한류와한국문화,Compound,*,*,한류/NNG/*+와/JC/*+한국/NNP/*+문화/NNG/*
한일관계사,,,,NNG,*,F,한일관계사,Compound,*,*,한일/NNP/*+관계사/NNG/*
한중문화비교론,,,,NNG,*,T,한중문화비교론,Compound,*,*,한중/NNP/*+문화/NNG/*+비교/NNG/*+론/XSN/*
해군교리와작전개념,,,,NNG,*,T,해군교리와작전개념,Compound,*,*,해군/NNG/*+교리/NNG/*+와/JC/*+작전/NNG/*+개념/NNG/*
해군무기체계공학,,,,NNG,*,T,해군무기체계공학,Compound,*,*,해군/NNG/*+무기/NNG/*+체계/NNG/*+공학/NNG/*
해부학,,,,NNG,*,T,해부학,*,*,*,*
해석학,,,,NNG,*,T,해석학,*,*,*,*
해양관측조사실습,,,,NNG,*,T,해양관측조사실습,Compound,*,*,해양/NNG/*+관측/NNG/*+조사/NNG/*+실습/NNG/*
해양부유생물생태학,,,,NNG,*,T,해양부유생물생태학,Compound,*,*,해양/NNG/*+부유/NNG/*+생물/NNG/*+생태학/NNG/*
해양수산바이오공학,,,,NNG,*,T,해양수산바이오공학,Compound,*,*,해양/NNG/*+수산/NNG/*+바이오/NNG/*+공학/NNG/*
해양융합공학개론,,,,NNG,*,T,해양융합공학개론,Compound,*,*,해양/NNG/*+융합/NNG/*+공학/NNG/*+개론/NNG/*
해양융합공학연구실심화실습,,,,NNG,*,T,해양융합공학연구실심화실습,Compound,*,*,해양/NNG/*+융합/NNG/*+공학/NNG/*+연구실/NNG/*+심화/NNG/*+실습/NNG/*
해양융합공학연구실심화실습1,,,,NNG,*,T,해양융합공학연구실심화실습1,Compound,*,*,해양/NNG/*+융합/NNG/*+공학/NNG/*+연구실/NNG/*+심화/NNG/*+실습/NNG/*+1/SN/*
해양융합공학연구실심화실습3,,,,NNG,*,T,해양융합공학연구실심화실습3,Compound,*,*,해양/NNG/*+융합/NNG/*+공학/NNG/*+연구실/NNG/*+심화/NNG/*+실습/NNG/*+3/SN/*
해양융합공학캡스톤디자인2,,,,NNG,*,T,해양융합공학캡스톤디자인2,Compound,*,*,해양/NNG/*+융합/NNG/*+공학/NNG/*+캡스톤/NNP/*+디자인/NNG/*+2/SN/*
해양전략과국가발전,,,,NNG,*,T,해양전략과국가발전,Compound,*,*,해양/NNG/*+전략/NNG/*+과/JC/*+국가/NNG/*+발전/NNG/*
해양환경화학,,,,NNG,*,T,해양환경화학,Compound,*,*,해양/NNG/*+환경/NNG/*+화학/NNG/*
해전사,,,,NNG,*,F,해전사,*,*,*,*
행렬해석학,,,,NNG,*,T,행렬해석학,Compound,*,*,행렬/NNG/*+해석학/NNG/*
행복한금융생활,,,,NNG,*,T,행복한금융생활,Compound,*,*,행복/NNG/*+한/XSA+ETM/*+금융/NNG/*+생활/NNG/*
혁신적사고와기업가정신,,,,NNG,*,T,혁신적사고와기업가정신,Compound,*,*,혁신/NNG/*+적/XSN/*+사고/NNG/*+와/JC/*+기업가/NNG/*+정신/NNG/*
현대건축이론,,,,NNG,*,T,현대건축이론,Compound,*,*,현대/NNG/*+건축/NNG/*+이론/NNG/*
현대무용실기,,,,NNG,*,F,현대무용실기,Compound,*,*,현대/NNG/*+무용/NNG/*+실기/NNG/*
현대물리학,,,,NNG,*,T,현대물리학,Compound,*,*,현대/NNG/*+물리학/NNG/*
현대소설론,,,,NNG,*,T,현대소설론,Compound,*,*,현대/NNG/*+소설/NNG/*+론/XSN/*
현대시론,,,,NNG,*,T,현대시론,Compound,*,*,현대/NNG/*+시론/NNG/*
현대영국사회와소설,,,,NNG,*,T,현대영국사회와소설,Compound,*,*,현대/NNG/*+영국/NNP/*+사회/NNG/*+와/JC/*+소설/NNG/*
현대음악의이해,,,,NNG,*,F,현대음악의이해,Compound,*,*,현대/NNG/*+음악/NNG/*+의/JKG/*+이해/NNG/*
현대일본어의이해,,,,NNG,*,F,현대일본어의이해,Compound,*,*,현대/NNG/*+일본어/NNG/*+의/JKG/*+이해/NNG/*
현대중국경제입문,,,,NNG,*,T,현대중국경제입문,Compound,*,*,현대/NNG/*+중국/NNP/*+경제/NNG/*+입문/NNG/*
현대프랑스문학,,,,NNG,*,T,현대프랑스문학,Compound,*,*,현대/NNG/*+프랑스/NNP/*+문학/NNG/*
현대프랑스문학1,,,,NNG,*,T,현대프랑스문학1,Compound,*,*,현대/NNG/*+프랑스/NNP/*+문학/NNG/*+1/SN/*
현대프랑스영화와사회,,,,NNG,*,F,현대프랑스영화와사회,Compound,*,*,현대/NNG/*+프랑스/NNP/*+영화/NNG/*+와/JC/*+사회/NNP/*
협동로봇설계,,,,NNG,*,F,협동로봇설계,Compound,*,*,협동/NNG/*+로봇/NNG/*+설계/NNG/*
협동로봇설계2,,,,NNG,*,T,협동로봇설계2,Compound,*,*,협동/NNG/*+로봇/NNG/*+설계/NNG/*+2/SN/*
형질인류학,,,,NNG,*,T,형질인류학,Compound,*,*,형질/NNG/*+인류학/NNG/*
화공양론,,,,NNG,*,T,화공양론,Compound,*,*,화공/NNG/*+양론/NNG/*
화물운송론,,,,NNG,*,T,화물운송론,Compound,*,*,화물/NNG/*+운송/NNG/*+론/XSN/*
화폐와금융,,,,NNG,*,T,화폐와금융,Compound,*,*,화폐/NNG/*+와/JC/*+금융/NNG/*
"화폐와금융의과거,현재,그리고미래",,,,NNG,*,F,"화폐와금융의과거,현재,그리고미래",Compound,*,*,"화폐/NNG/*+와/JC/*+금융/NNG/*+의/JKG/*+과거/NNG/*+,/SC/*+현재/NNG/*+,/SC/*+그리고/MAJ/*+미래/NNG/*"
화학분자공학캡스톤디자인,,,,NNG,*,T,화학분자공학캡스톤디자인,Compound,*,*,화학/NNG/*+분자/NNG/*+공학/NNG/*+캡스톤/NNP/*+디자인/NNG/*
화학분자공학캡스톤디자인2,,,,NNG,*,T,화학분자공학캡스톤디자인2,Compound,*,*,화학/NNG/*+분자/NNG/*+공학/NNG/*+캡스톤/NNP/*+디자인/NNG/*+2/SN/*
화학해양학및실험,,,,NNG,*,T,화학해양학및실험,Compound,*,*,화학/NNG/*+해양학/NNG/*+및/MAJ/*+실험/NNG/*
확률과통계,,,,NNG,*,F,확률과통계,Compound,*,*,확률/NNG/*+과/JC/*+통계/NNG/*
확률론,,,,NNG,*,T,확률론,Compound,*,*,확률/NNG/*+론/XSN/*
확률모델링,,,,NNG,*,T,확률모델링,Compound,*,*,확률/NNG/*+모델링/NNG/*
확률통계론,,,,NNG,*,T,확률통계론,Compound,*,*,확률/NNG/*+통계/NNG/*+론/XSN/*
환경경제학,,,,NNG,*,T,환경경제학,Compound,*,*,환경/NNG/*+경제학/NNG/*
환경공학화학,,,,NNG,*,T,환경공학화학,Compound,*,*,환경/NNG/*+공학/NNG/*+화학/NNG/*
환경과우리들의생활,,,,NNG,*,T,환경과우리들의생활,Compound,*,*,환경/NNG/*+과/JC/*+우리/NP/*+들/XSN/*+의/JKG/*+생활/NNG/*
환경과학,,,,NNG,*,T,환경과학,Compound,*,*,환경/NNG/*+과학/NNG/*
환경디자인워크샵,,,,NNG,*,T,환경디자인워크샵,Compound,*,*,환경/NNG/*+디자인/NNG/*+워크샵/NNG/*
환경친화건축,,,,NNG,*,T,환경친화건축,Compound,*,*,환경/NNG/*+친화/NNG/*+건축/NNG/*
회계감사,,,,NNG,*,F,회계감사,Compound,*,*,회계/NNG/*+감사/NNG/*
회계정보의이해,,,,NNG,*,F,회계정보의이해,Compound,*,*,회계/NNG/*+정보/NNG/*+의/JKG/*+이해/NNG/*
회계정보의이해1,,,,NNG,*,T,회계정보의이해1,Compound,*,*,회계/NNG/*+정보/NNG/*+의/JKG/*+이해/NNG/*+1/SN/*
회계정보의활용,,,,NNG,*,T,회계정보의활용,Compound,*,*,회계/NNG/*+정보/NNG/*+의/JKG/*+활용/NNG/*
회계캡스톤디자인,,,,NNG,*,T,회계캡스톤디자인,Compound,*,*,회계/NNG/*+캡스톤/NNP/*+디자인/NNG/*
회계캡스톤디자인1,,,,NNG,*,T,회계캡스톤디자인1,Compound,*,*,회계/NNG/*+캡스톤/NNP/*+디자인/NNG/*+1/SN/*
회귀분석,,,,NNG,*,T,회귀분석,Compound,*,*,회귀/NNG/*+분석/NNG/*
회로이론,,,,NNG,*,T,회로이론,Compound,*,*,회로/NNG/*+이론/NNG/*
회로이론1,,,,NNG,*,T,회로이론1,Compound,*,*,회로/NNG/*+이론/NNG/*+1/SN/*
후성유전학,,,,NNG,*,T,후성유전학,Compound,*,*,후성/NNG/*+유전학/NNG/*
AD&PR프로젝트,,,,NNG,*,F,AD&PR프로젝트,Compound,*,*,AD/SL/*+&/SY/*+PR/SL/*+프로젝트/NNG/*
ADsP,,,,NNG,*,T,ADsP,*,*,*,*
AI+X,,,,NNG,*,T,AI+X,Compound,*,*,AI/NNG/*++/SY/*+X/SL/*
AI+X:딥러닝,,,,NNG,*,T,AI+X:딥러닝,Compound,*,*,AI/NNG/*++/SY/*+X/SL/*+:/SC/*+딥러닝/NNG/*
AI+X:머신러닝,,,,NNG,*,T,AI+X:머신러닝,Compound,*,*,AI/NNG/*++/SY/*+X/SL/*+:/SC/*+머신러닝/NNG/*
AI+X:인공지능,,,,NNG,*,T,AI+X:인공지능,Compound,*,*,AI/NNG/*++/SY/*+X/SL/*+:/SC/*+인공지능/NNG/*
AI+X:R-Py컴퓨팅,,,,NNG,*,T,AI+X:R-Py컴퓨팅,Compound,*,*,AI/NNG/*+/SY/*+X/SL/*+:/SC/*+R/SL/*+-/SY/*+Py/SL/*+컴퓨팅/NNG/*
BIM,,,,NNG,*,T,BIM,*,*,*,*
BIM실무,,,,NNG,*,F,BIM실무,Compound,*,*,BIM/NNP/*+실무/NNG/*
BIM통합설계,,,,NNG,*,F,BIM통합설계,Compound,*,*,BIM/NNP/*+통합/NNG/*+설계/NNG/*
C언어프로그래밍,,,,NNG,*,T,C언어프로그래밍,Compound,*,*,C/SL/*+언어/NNG/*+프로그래밍/NNG/*
CAD,,,,NNG,*,T,CAD,*,*,*,*
CAD1,,,,NNG,*,T,CAD1,Compound,*,*,CAD/NNP/*+1/SN/*
Digital건설경영,,,,NNG,*,T,Digital건설경영,Compound,*,*,Digital/SL/*+건설/NNG/*+경영/NNG/*
Digital측량학및GIS,,,,NNG,*,T,Digital측량학및GIS,Compound,*,*,Digital/SL/*+측량학/NNG/*+및/MAJ/*+GIS/SL/*
ERICA창의나눔프로젝트,,,,NNG,*,F,ERICA창의나눔프로젝트,Compound,*,*,ERICA/NNP/*+창의/NNG/*+나눔/NNG/*+프로젝트/NNG/*
HCI연구실심화실습,,,,NNG,*,T,HCI연구실심화실습,Compound,*,*,HCI/SL/*+연구실/NNG/*+심화/NNG/*+실습/NNG/*
HCI연구실심화실습1,,,,NNG,*,T,HCI연구실심화실습1,Compound,*,*,HCI/SL/*+연구실/NNG/*+심화/NNG/*+실습/NNG/*+1/SN/*
HCI연구실심화실습3,,,,NNG,*,T,HCI연구실심화실습3,Compound,*,*,HCI/SL/*+연구실/NNG/*+심화/NNG/*+실습/NNG/*+3/SN/*
HSK실습,,,,NNG,*,T,HSK실습,Compound,*,*,HSK/SL/*+실습/NNG/*
IC-PBL,,,,NNG,*,T,IC-PBL,Compound,*,*,IC/NNP/*+-/SY/*+PBL/NNP/*
IC-PBL과경력개발,,,,NNG,*,T,IC-PBL과경력개발,Compound,*,*,IC/NNP/*+-/SY/*+PBL/NNP/*+과/JC/*+경력/NNG/*+개발/NNG/*
IC-PBL과비전설계,,,,NNG,*,F,IC-PBL과비전설계,Compound,*,*,IC/NNP/*+-/SY/*+PBL/NNP/*+과/JC/*+비전/NNG/*+설계/NNG/*
IC-PBL과취창업을위한진로탐색,,,,NNG,*,T,IC-PBL과취창업을위한진로탐색,Compound,*,*,IC/NNP/*+-/SY/*+PBL/NNP/*과/JC/*+취창업/NNG/*+을/JKO/*+위한/VV+ETM/*+진로/NNG/*+탐색/NNG/*
ICT융합로봇공학,,,,NNG,*,T,ICT융합로봇공학,Compound,*,*,ICT/NNP/*+융합/NNG/*+로봇/NNG/*+공학/NNG/*
ICT융합캡스톤디자인,,,,NNG,*,T,ICT융합캡스톤디자인,Compound,*,*,ICT/NNP/*+융합/NNG/*+캡스톤/NNP/*+디자인/NNG/*
ICT융합캡스톤디자인1,,,,NNG,*,T,ICT융합캡스톤디자인1,Compound,*,*,ICT/NNP/*+융합/NNG/*+캡스톤/NNP/*+디자인/NNG/*+1/SN/*
IoT이해와활용,,,,NNG,*,T,IoT이해와활용,Compound,*,*,IoT/NNP/*+이해/NNG/*+와/JC/*+활용/NNG/*
IT경영및사업화,,,,NNG,*,F,IT경영및사업화,Compound,*,*,IT/NNG/*+경영/NNG/*+및/MAJ/*+사업/NNG/*+화/XSN/*
K-POP댄스,,,,NNG,*,F,K-POP댄스,Compound,*,*,K/NNP/*+-/SY/*+POP/NNP/*+댄스/NNG/*
K-POP비즈니스의세계,,,,NNG,*,F,K-POP비즈니스의세계,Compound,*,*,K/NNP/*+-/SY/*+POP/NNP/*+비즈니스/NNG/*+의/JKG/*+세계/NNG/*
MR&미디어,,,,NNG,*,F,MR&미디어,Compound,*,*,MR/NNP/*+&/SY/*+미디어/NNG/*
NCS기반채용의이해와직업요구역량,,,,NNG,*,T,NCS기반채용의이해와직업요구역량,Compound,*,*,NCS/NNP/*+기반/NNG/*+채용/NNG/*+의/JKG/*+이해/NNG/*+와/JC/*+직업/NNG/*+요구/NNG/*+역량/NNG/*
PLC기초,,,,NNG,*,F,PLC기초,Compound,*,*,PLC/NNP/*+기초/NNG/*
PT지도론,,,,NNG,*,T,PT지도론,Compound,*,*,PT/NNP/*+지도/NNG/*+론/XSN/*
SCM,,,,NNG,*,T,SCM,Compound,*,*,SCM/NNP/*
Spark와빅데이터,,,,NNG,*,F,Spark와빅데이터,Compound,*,*,Spark/SL/*+와/JC/*+빅데이터/NNG/*
TED,,,,NNG,*,T,TED,Compound,*,*,TED/NNP/*
TED_Talks_영어,,,,NNG,*,F,TED_Talks_영어,Compound,*,*,TED/NNP/*+_/SY/*+Talks/SL/*+_/SY/*+영어/NNG/*
UX디자인,,,,NNG,*,T,UX디자인,Compound,*,*,UX/NNP/*+디자인/NNG/*
YouTube로읽는트렌드,,,,NNG,*,F,YouTube로읽는트렌드,Compound,*,*,YouTube/NNP/*+로/JKB/*+읽/VV/*+는/ETM/*+트렌드/NNG/*